tokens,tags,polarities
"('I', 'ordered', 'the', 'crab', 'cocktail', 'and', 'it', 'was', 'soaked', 'in', 'a', 'lime', 'juice', 'concoction', 'where', 'all', 'you', 'could', 'taste', 'was', 'the', 'lime', '.')","('0', '0', '0', '1', '2', '0', '0', '0', '0', '0', '0', '1', '2', '2', '0', '0', '0', '0', '0', '0', '0', '1', '0')","('-1', '-1', '-1', '-1', '-1', '-1', '-1', '-1', '-1', '-1', '-1', '1', '1', '1', '-1', '-1', '-1', '-1', '-1', '-1', '-1', '-1', '-1')"
"('That', 'is', 'a', 'problem', 'since', 'we', 'paid', 'about', '20', 'bucks', 'a', 'dish', ',', 'and', 'had', 'to', 'order', '5', 'dishes', 'to', 'get', 'a', 'decent', 'taste', '.')","('0', '0', '0', '0', '0', '0', '0', '0', '0', '0', '0', '1', '0', '0', '0', '0', '0', '0', '1', '0', '0', '0', '0', '1', '0')","('-1', '-1', '-1', '-1', '-1', '-1', '-1', '-1', '-1', '-1', '-1', '-1', '-1', '-1', '-1', '-1', '-1', '-1', '-1', '-1', '-1', '-1', '-1', '1', '-1')"
"('Service', 'is', 'great', ',', 'takeout', 'is', 'good', 'too', '.')","('1', '0', '0', '0', '1', '0', '0', '0', '0')","('-1', '-1', '-1', '-1', '2', '-1', '-1', '-1', '-1')"
"('The', 'only', 'fallback', 'on', 'this', 'restaurant', 'is', 'the', 'prices', '.')","('0', '0', '0', '0', '0', '0', '0', '0', '1', '0')","('-1', '-1', '-1', '-1', '-1', '-1', '-1', '-1', '0', '-1')"
"('service', 'is', 'friendly', ',', 'and', 'never', 'had', 'a', 'problem', 'walking', 'in', 'and', 'getting', 'a', 'table', '.')","('1', '0', '0', '0', '0', '0', '0', '0', '0', '0', '0', '0', '1', '2', '2', '0')","('-1', '-1', '-1', '-1', '-1', '-1', '-1', '-1', '-1', '-1', '-1', '-1', '2', '2', '2', '-1')"
"('Went', 'to', 'Ottimo', 'and', 'was', 'expecting', 'outstanding', 'pizza', '-LRB-', 'as', 'I', 'love', 'La', 'Pizza', 'Fresca', '-RRB-', '.')","('0', '0', '0', '0', '0', '0', '0', '1', '0', '0', '0', '0', '0', '0', '0', '0', '0')","('-1', '-1', '-1', '-1', '-1', '-1', '-1', '1', '-1', '-1', '-1', '-1', '-1', '-1', '-1', '-1', '-1')"
"('They', 'offer', 'the', 'same', 'menu', 'but', 'have', 'creative', 'drinks', 'that', 'are', 'loaded', 'with', 'alcohol', 'and', 'cheeky', 'names', '--', 'but', 'they', 'do', 'cost', 'you', '.')","('0', '0', '0', '0', '1', '0', '0', '0', '1', '0', '0', '0', '0', '0', '0', '0', '0', '0', '0', '0', '0', '0', '0', '0')","('-1', '-1', '-1', '-1', '1', '-1', '-1', '-1', '-1', '-1', '-1', '-1', '-1', '-1', '-1', '-1', '-1', '-1', '-1', '-1', '-1', '-1', '-1', '-1')"
"('Deep', 'Fried', 'Skewers', 'are', 'good', 'and', 'still', 'rare', 'to', 'find', 'in', 'NYC', '.')","('1', '2', '2', '0', '0', '0', '0', '0', '0', '0', '0', '0', '0')","('2', '2', '2', '-1', '-1', '-1', '-1', '-1', '-1', '-1', '-1', '-1', '-1')"
"('I', 'recommend', 'this', 'place', 'to', 'everyone', 'who', 'asks', 'me', 'where', 'to', 'go', 'for', 'a', 'good', 'meal', '.')","('0', '0', '0', '0', '0', '0', '0', '0', '0', '0', '0', '0', '0', '0', '0', '1', '0')","('-1', '-1', '-1', '-1', '-1', '-1', '-1', '-1', '-1', '-1', '-1', '-1', '-1', '-1', '-1', '2', '-1')"
"('The', 'place', 'is', 'small', 'and', 'cramped', 'but', 'the', 'food', 'is', 'fantastic', '.')","('0', '1', '0', '0', '0', '0', '0', '0', '1', '0', '0', '0')","('-1', '0', '-1', '-1', '-1', '-1', '-1', '-1', '-1', '-1', '-1', '-1')"
"('As', 'soon', 'as', 'my', 'father', 'lifted', 'his', 'pen', 'from', 'the', 'check', 'a', 'chef', 'appeared', 'to', 'usher', 'us', 'out', '.')","('0', '0', '0', '0', '0', '0', '0', '0', '0', '0', '1', '0', '1', '0', '0', '0', '0', '0', '0')","('-1', '-1', '-1', '-1', '-1', '-1', '-1', '-1', '-1', '-1', '1', '-1', '-1', '-1', '-1', '-1', '-1', '-1', '-1')"
"('The', 'pizza', 'is', 'the', 'best', 'if', 'you', 'like', 'thin', 'crusted', 'pizza', '.')","('0', '1', '0', '0', '0', '0', '0', '0', '1', '2', '2', '0')","('-1', '2', '-1', '-1', '-1', '-1', '-1', '-1', '-1', '-1', '-1', '-1')"
"('Despite', 'a', 'slightly', 'limited', 'menu', ',', 'everything', 'prepared', 'is', 'done', 'to', 'perfection', ',', 'ultra', 'fresh', 'and', 'a', 'work', 'of', 'food', 'art', '.')","('0', '0', '0', '0', '1', '0', '0', '0', '0', '0', '0', '0', '0', '0', '0', '0', '0', '0', '0', '1', '2', '0')","('-1', '-1', '-1', '-1', '0', '-1', '-1', '-1', '-1', '-1', '-1', '-1', '-1', '-1', '-1', '-1', '-1', '-1', '-1', '-1', '-1', '-1')"
"('Do', '""nt""', 'go', 'alone', '--', 'even', 'two', 'people', 'is', '""nt""', 'enough', 'for', 'the', 'whole', 'experience', ',', 'with', 'pickles', 'and', 'a', 'selection', 'of', 'meats', 'and', 'seafoods', '.')","('0', '0', '0', '0', '0', '0', '0', '0', '0', '0', '0', '0', '0', '0', '0', '0', '0', '1', '0', '0', '1', '2', '2', '2', '2', '0')","('-1', '-1', '-1', '-1', '-1', '-1', '-1', '-1', '-1', '-1', '-1', '-1', '-1', '-1', '-1', '-1', '-1', '2', '-1', '-1', '-1', '-1', '-1', '-1', '-1', '-1')"
"('Regardless', 'of', 'whether', 'there', 'are', 'two', 'people', 'or', 'two', 'hundred', 'people', 'ahead', 'of', 'you', 'the', 'hostess', 'will', 'take', 'your', 'name', 'and', 'tell', 'you', 'Five', 'minutes', '.')","('0', '0', '0', '0', '0', '0', '0', '0', '0', '0', '0', '0', '0', '0', '0', '1', '0', '0', '0', '0', '0', '0', '0', '0', '0', '0')","('-1', '-1', '-1', '-1', '-1', '-1', '-1', '-1', '-1', '-1', '-1', '-1', '-1', '-1', '-1', '2', '-1', '-1', '-1', '-1', '-1', '-1', '-1', '-1', '-1', '-1')"
"('The', 'hanger', 'steak', 'was', 'like', 'rubber', 'and', 'the', 'tuna', 'was', 'flavorless', 'not', 'to', 'mention', 'it', 'tasted', 'like', 'it', 'had', 'just', 'been', 'thawed', '.')","('0', '1', '2', '0', '0', '0', '0', '0', '1', '0', '0', '0', '0', '0', '0', '0', '0', '0', '0', '0', '0', '0', '0')","('-1', '0', '0', '-1', '-1', '-1', '-1', '-1', '-1', '-1', '-1', '-1', '-1', '-1', '-1', '-1', '-1', '-1', '-1', '-1', '-1', '-1', '-1')"
"('Terrific', 'menu', 'full', 'of', 'unique', 'rolls', 'and', 'special', 'dishes', '.')","('0', '1', '0', '0', '0', '1', '0', '0', '1', '0')","('-1', '-1', '-1', '-1', '-1', '-1', '-1', '-1', '2', '-1')"
"('Service', 'is', 'great', ',', 'takeout', 'is', 'good', 'too', '.')","('1', '0', '0', '0', '1', '0', '0', '0', '0')","('2', '-1', '-1', '-1', '-1', '-1', '-1', '-1', '-1')"
"('Succulent', 'steaks', 'cooked', 'precisely', 'to', 'your', 'desired', '`', 'doneness', '""""', 'accompanied', 'by', 'salads', 'and', 'sides', 'that', 'do', '""nt""', 'look', 'like', 'leafy', 'road', 'kill', '.')","('0', '1', '0', '0', '0', '0', '0', '0', '0', '0', '0', '0', '1', '0', '1', '0', '0', '0', '0', '0', '0', '0', '0', '0')","('-1', '2', '-1', '-1', '-1', '-1', '-1', '-1', '-1', '-1', '-1', '-1', '-1', '-1', '-1', '-1', '-1', '-1', '-1', '-1', '-1', '-1', '-1', '-1')"
"('I', 'ordered', 'a', 'Chicken', 'Teriyaki', 'dish', 'and', 'found', 'that', 'the', 'chicken', 'was', 'extremely', 'dry', '.')","('0', '0', '0', '1', '2', '2', '0', '0', '0', '0', '1', '0', '0', '0', '0')","('-1', '-1', '-1', '0', '0', '0', '-1', '-1', '-1', '-1', '-1', '-1', '-1', '-1', '-1')"
"('My', 'husband', 'had', 'the', 'mesclun', ',', 'salmon', ',', 'and', 'ice', 'cream', 'and', 'he', 'enjoyed', 'all', '3', 'courses', '.')","('0', '0', '0', '0', '1', '0', '1', '0', '0', '1', '2', '0', '0', '0', '0', '0', '1', '0')","('-1', '-1', '-1', '-1', '-1', '-1', '2', '-1', '-1', '-1', '-1', '-1', '-1', '-1', '-1', '-1', '-1', '-1')"
"('No', 'dress', 'codes', ',', 'no', 'attitudes', ',', 'plenty', 'of', 'comfort', 'companionship', ',', 'a', 'great', 'place', 'to', 'relax', 'in', 'an', 'always', 'busy', 'Midtown', '.')","('0', '1', '2', '0', '0', '1', '0', '0', '0', '0', '0', '0', '0', '0', '1', '0', '0', '0', '0', '0', '0', '0', '0')","('-1', '2', '2', '-1', '-1', '-1', '-1', '-1', '-1', '-1', '-1', '-1', '-1', '-1', '-1', '-1', '-1', '-1', '-1', '-1', '-1', '-1', '-1')"
"('I', 'really', 'loved', 'the', 'different', 'and', 'inovated', 'touch', 'that', '""s""', 'the', 'cheff', 'gives', 'to', 'the', 'food', '.')","('0', '0', '0', '0', '0', '0', '0', '0', '0', '0', '0', '1', '0', '0', '0', '1', '0')","('-1', '-1', '-1', '-1', '-1', '-1', '-1', '-1', '-1', '-1', '-1', '2', '-1', '-1', '-1', '-1', '-1')"
"('We', 'figured', 'we', 'never', 'had', 'Argentinian', 'Pizza', 'before', 'so', 'we', 'grabbed', 'our', 'lunch', 'there', ',', 'sharing', 'a', 'large', 'Pelligrino', ',', 'a', 'pizza', 'of', 'two', 'of', 'their', 'specials', ',', 'one', 'was', 'goat', 'cheese', 'the', 'other', 'blue', 'cheese', ',', 'and', 'both', 'were', 'excellent', '.')","('0', '0', '0', '0', '0', '1', '2', '0', '0', '0', '0', '0', '1', '0', '0', '0', '0', '0', '1', '0', '0', '1', '0', '0', '0', '0', '0', '0', '0', '0', '1', '2', '0', '0', '1', '2', '0', '0', '0', '0', '0', '0')","('-1', '-1', '-1', '-1', '-1', '-1', '-1', '-1', '-1', '-1', '-1', '-1', '-1', '-1', '-1', '-1', '-1', '-1', '-1', '-1', '-1', '-1', '-1', '-1', '-1', '-1', '-1', '-1', '-1', '-1', '2', '2', '-1', '-1', '-1', '-1', '-1', '-1', '-1', '-1', '-1', '-1')"
"('However', ',', 'go', 'for', 'the', 'ambience', ',', 'and', 'consider', 'the', 'food', 'just', 'a', 'companion', 'for', 'a', 'trip', 'across', 'the', 'world', '!')","('0', '0', '0', '0', '0', '1', '0', '0', '0', '0', '1', '0', '0', '0', '0', '0', '0', '0', '0', '0', '0')","('-1', '-1', '-1', '-1', '-1', '-1', '-1', '-1', '-1', '-1', '0', '-1', '-1', '-1', '-1', '-1', '-1', '-1', '-1', '-1', '-1')"
"('As', 'we', 'were', 'sitting', 'eating', 'the', 'subpar', 'food', 'the', 'manager', 'proceeded', 'to', 'berate', 'a', 'couple', 'of', 'his', 'employees', 'for', 'putting', 'out', 'the', 'wrong', 'containers', 'for', 'condiments', 'and', 'explained', 'to', 'them', 'how', 'expensive', 'these', 'containers', 'were', '.')","('0', '0', '0', '0', '0', '0', '0', '1', '0', '1', '0', '0', '0', '0', '0', '0', '0', '1', '0', '0', '0', '0', '0', '1', '2', '2', '0', '0', '0', '0', '0', '0', '0', '1', '0', '0')","('-1', '-1', '-1', '-1', '-1', '-1', '-1', '-1', '-1', '0', '-1', '-1', '-1', '-1', '-1', '-1', '-1', '-1', '-1', '-1', '-1', '-1', '-1', '-1', '-1', '-1', '-1', '-1', '-1', '-1', '-1', '-1', '-1', '-1', '-1', '-1')"
"('We', 'have', 'never', 'had', 'any', 'problems', 'with', 'charging', 'the', 'meal', 'or', 'the', 'tip', ',', 'and', 'the', 'food', 'was', 'delivered', 'quickly', ',', 'but', 'we', 'live', 'only', 'a', 'few', 'minutes', 'walk', 'from', 'them', '.')","('0', '0', '0', '0', '0', '0', '0', '0', '0', '1', '0', '0', '1', '0', '0', '0', '1', '0', '0', '0', '0', '0', '0', '0', '0', '0', '0', '0', '0', '0', '0', '0')","('-1', '-1', '-1', '-1', '-1', '-1', '-1', '-1', '-1', '-1', '-1', '-1', '-1', '-1', '-1', '-1', '2', '-1', '-1', '-1', '-1', '-1', '-1', '-1', '-1', '-1', '-1', '-1', '-1', '-1', '-1', '-1')"
"('We', 'went', 'here', 'for', 'lunch', 'a', 'couple', 'of', 'weeks', 'ago', 'on', 'a', 'Saturday', ',', 'and', 'I', 'was', 'thoroughly', 'impressed', 'with', 'the', 'food', '.')","('0', '0', '0', '0', '1', '0', '0', '0', '0', '0', '0', '0', '0', '0', '0', '0', '0', '0', '0', '0', '0', '1', '0')","('-1', '-1', '-1', '-1', '1', '-1', '-1', '-1', '-1', '-1', '-1', '-1', '-1', '-1', '-1', '-1', '-1', '-1', '-1', '-1', '-1', '-1', '-1')"
"('20', 'minutes', 'for', 'our', 'reservation', 'but', 'it', 'gave', 'us', 'time', 'to', 'have', 'a', 'few', 'cocktails', 'and', 'enjoy', 'our', 'surroundings', 'and', 'each', 'other', '.')","('0', '0', '0', '0', '1', '0', '0', '0', '0', '0', '0', '0', '0', '0', '1', '0', '0', '0', '1', '0', '0', '0', '0')","('-1', '-1', '-1', '-1', '0', '-1', '-1', '-1', '-1', '-1', '-1', '-1', '-1', '-1', '-1', '-1', '-1', '-1', '-1', '-1', '-1', '-1', '-1')"
"('Great', 'spot', ',', 'whether', 'looking', 'for', 'a', 'couple', 'of', 'drinks', 'or', 'quiet', 'dinner', '.')","('0', '1', '0', '0', '0', '0', '0', '0', '0', '1', '0', '0', '1', '0')","('-1', '-1', '-1', '-1', '-1', '-1', '-1', '-1', '-1', '-1', '-1', '-1', '2', '-1')"
"('The', 'large', 'selection', 'of', 'bruschettas', ',', 'paninis', ',', 'tramezzinis', 'keep', 'the', 'palate', 'from', 'stagnating', '.')","('0', '0', '0', '0', '1', '0', '1', '0', '1', '0', '0', '0', '0', '0', '0')","('-1', '-1', '-1', '-1', '-1', '-1', '-1', '-1', '2', '-1', '-1', '-1', '-1', '-1', '-1')"
"('NO', 'more', 'reservations', ',', 'expensive', 'tips', 'and', 'annoying', 'stuff', '.')","('0', '0', '1', '0', '0', '1', '0', '0', '1', '0')","('-1', '-1', '-1', '-1', '-1', '-1', '-1', '-1', '2', '-1')"
"('Yes', ',', 'they', 'use', 'fancy', 'ingredients', ',', 'but', 'even', 'fancy', 'ingredients', 'do', '""nt""', 'make', 'for', 'good', 'pizza', 'unless', 'someone', 'knows', 'how', 'to', 'get', 'the', 'crust', 'right', '.')","('0', '0', '0', '0', '0', '1', '0', '0', '0', '0', '1', '0', '0', '0', '0', '0', '1', '0', '0', '0', '0', '0', '0', '0', '1', '0', '0')","('-1', '-1', '-1', '-1', '-1', '-1', '-1', '-1', '-1', '-1', '-1', '-1', '-1', '-1', '-1', '-1', '0', '-1', '-1', '-1', '-1', '-1', '-1', '-1', '-1', '-1', '-1')"
"('After', 'we', 'got', 'our', 'sashimi', 'order', ',', 'I', 'could', 'not', 'believe', 'how', 'small', 'the', 'portions', 'were', '!')","('0', '0', '0', '0', '1', '0', '0', '0', '0', '0', '0', '0', '0', '0', '1', '0', '0')","('-1', '-1', '-1', '-1', '1', '-1', '-1', '-1', '-1', '-1', '-1', '-1', '-1', '-1', '-1', '-1', '-1')"
"('They', 'charge', 'different', 'prices', 'all', 'the', 'time', '.')","('0', '0', '0', '1', '0', '0', '0', '0')","('-1', '-1', '-1', '0', '-1', '-1', '-1', '-1')"
"('I', '""ve""', 'lived', 'in', 'NYC', 'all', 'my', 'life', 'and', 'had', 'never', 'before', 'seen', 'so', 'many', 'waterbugs', 'in', 'one', 'place', '-LRB-', 'except', 'in', 'a', 'really', 'bad', 'dream', '-RRB-', '.')","('0', '0', '0', '0', '0', '0', '0', '0', '0', '0', '0', '0', '0', '0', '0', '1', '0', '0', '0', '0', '0', '0', '0', '0', '0', '0', '0', '0')","('-1', '-1', '-1', '-1', '-1', '-1', '-1', '-1', '-1', '-1', '-1', '-1', '-1', '-1', '-1', '0', '-1', '-1', '-1', '-1', '-1', '-1', '-1', '-1', '-1', '-1', '-1', '-1')"
"('The', 'prices', 'and', 'ambience', 'are', 'especially', 'great', 'considering', 'it', '""s""', 'in', 'the', 'West', 'Village', '.')","('0', '1', '0', '1', '0', '0', '0', '0', '0', '0', '0', '0', '0', '0', '0')","('-1', '2', '-1', '-1', '-1', '-1', '-1', '-1', '-1', '-1', '-1', '-1', '-1', '-1', '-1')"
"('No', 'refills', 'on', 'fountain', 'drinks', ',', 'though', '.')","('0', '0', '0', '1', '2', '0', '0', '0')","('-1', '-1', '-1', '0', '0', '-1', '-1', '-1')"
"('While', 'this', 'is', '""nt""', 'classical', 'restaurant', 'fare', ',', 'the', 'chef', 'has', 'given', 'new', 'life', 'to', 'an', 'old', 'cuisine', 'with', 'some', 'really', 'innovative', 'and', 'tasty', 'dishes', 'that', 'are', 'genuinely', 'Indian', 'without', 'being', 'heavy', 'or', 'same', 'old', 'restaurant', 'burn-outs', '.')","('0', '0', '0', '0', '0', '0', '0', '0', '0', '1', '0', '0', '0', '0', '0', '0', '0', '1', '0', '0', '0', '0', '0', '0', '1', '0', '0', '0', '1', '0', '0', '0', '0', '0', '0', '0', '0', '0')","('-1', '-1', '-1', '-1', '-1', '-1', '-1', '-1', '-1', '-1', '-1', '-1', '-1', '-1', '-1', '-1', '-1', '-1', '-1', '-1', '-1', '-1', '-1', '-1', '-1', '-1', '-1', '-1', '2', '-1', '-1', '-1', '-1', '-1', '-1', '-1', '-1', '-1')"
"('Went', 'there', 'with', 'my', 'wife', 'and', 'we', 'had', 'to', 'wait', 'for', 'a', 'table', 'even', 'though', 'you', 'could', 'see', 'there', 'many', 'that', 'were', 'empty', 'with', 'not', 'reservation', 'sigh', 'on', 'them', '.')","('0', '0', '0', '0', '0', '0', '0', '0', '0', '0', '0', '0', '1', '0', '0', '0', '0', '0', '0', '0', '0', '0', '0', '0', '0', '1', '2', '0', '0', '0')","('-1', '-1', '-1', '-1', '-1', '-1', '-1', '-1', '-1', '-1', '-1', '-1', '0', '-1', '-1', '-1', '-1', '-1', '-1', '-1', '-1', '-1', '-1', '-1', '-1', '-1', '-1', '-1', '-1', '-1')"
"('The', 'drinks', 'are', 'always', 'welll', 'made', 'and', 'wine', 'selection', 'is', 'fairly', 'priced', '.')","('0', '1', '0', '0', '0', '0', '0', '1', '2', '0', '0', '1', '0')","('-1', '-1', '-1', '-1', '-1', '-1', '-1', '-1', '-1', '-1', '-1', '2', '-1')"
"('Good', ',', 'dark', 'atmosphere', 'and', 'the', 'music', 'is', 'a', 'nice', 'touch', '.')","('0', '0', '0', '1', '0', '0', '1', '0', '0', '0', '0', '0')","('-1', '-1', '-1', '-1', '-1', '-1', '2', '-1', '-1', '-1', '-1', '-1')"
"('The', 'bartender', 'on', 'my', 'most', 'recent', 'visit', 'was', 'so', 'incredibly', 'rude', 'that', 'I', 'will', 'never', 'go', 'back', '.')","('0', '1', '0', '0', '0', '0', '0', '0', '0', '0', '0', '0', '0', '0', '0', '0', '0', '0')","('-1', '0', '-1', '-1', '-1', '-1', '-1', '-1', '-1', '-1', '-1', '-1', '-1', '-1', '-1', '-1', '-1', '-1')"
"('It', 'may', 'be', 'a', 'bit', 'packed', 'on', 'weekends', ',', 'but', 'the', 'vibe', 'is', 'good', 'and', 'it', 'is', 'the', 'best', 'French', 'food', 'you', 'will', 'find', 'in', 'the', 'area', '.')","('0', '0', '0', '0', '0', '1', '0', '0', '0', '0', '0', '1', '0', '0', '0', '0', '0', '0', '0', '1', '2', '0', '0', '0', '0', '0', '0', '0')","('-1', '-1', '-1', '-1', '-1', '-1', '-1', '-1', '-1', '-1', '-1', '-1', '-1', '-1', '-1', '-1', '-1', '-1', '-1', '2', '2', '-1', '-1', '-1', '-1', '-1', '-1', '-1')"
"('In', 'reality', '-LRB-', 'to', 'maximize', 'potential', 'diners', '-RRB-', 'they', 'were', 'still', 'taking', 'phone', 'reservations', 'and', 'reallocating', 'tables', 'of', 'those', 'waiting', 'in', 'the', 'lobby', '.')","('0', '0', '0', '0', '0', '0', '1', '0', '0', '0', '0', '0', '0', '1', '0', '0', '1', '0', '0', '1', '0', '0', '1', '0')","('-1', '-1', '-1', '-1', '-1', '-1', '-1', '-1', '-1', '-1', '-1', '-1', '-1', '-1', '-1', '-1', '-1', '-1', '-1', '-1', '-1', '-1', '1', '-1')"
"('I', '""ve""', 'been', 'to', 'several', 'places', 'for', 'Dim', 'Sum', 'and', 'this', 'has', 'got', 'to', 'be', 'the', 'WORST', '.')","('0', '0', '0', '0', '0', '0', '0', '1', '2', '0', '0', '0', '0', '0', '0', '0', '0', '0')","('-1', '-1', '-1', '-1', '-1', '-1', '-1', '0', '0', '-1', '-1', '-1', '-1', '-1', '-1', '-1', '-1', '-1')"
"('Based', 'on', 'the', 'reviews', 'for', 'dinner', ',', 'this', 'is', 'a', 'place', 'I', 'would', 'reconsider', 'revisiting', 'for', 'that', ',', 'but', 'definitely', 'not', 'for', 'Dim', 'Sum', 'again', '.')","('0', '0', '0', '0', '0', '1', '0', '0', '0', '0', '0', '0', '0', '0', '0', '0', '0', '0', '0', '0', '0', '0', '1', '2', '0', '0')","('-1', '-1', '-1', '-1', '-1', '2', '-1', '-1', '-1', '-1', '-1', '-1', '-1', '-1', '-1', '-1', '-1', '-1', '-1', '-1', '-1', '-1', '-1', '-1', '-1', '-1')"
"('The', 'food', 'was', 'not', 'fresh', ',', 'the', 'sauces', 'were', 'bland', 'and', 'very', 'oily', '.')","('0', '1', '0', '0', '0', '0', '0', '1', '0', '0', '0', '0', '0', '0')","('-1', '-1', '-1', '-1', '-1', '-1', '-1', '0', '-1', '-1', '-1', '-1', '-1', '-1')"
"('Try', 'the', 'chocolate', 'mud', 'cake', '(warmed)', 'with', '2', 'scoops', 'of', 'dulce', 'de', 'leche', 'gelato', '.')","('0', '0', '1', '2', '2', '2', '0', '0', '0', '0', '0', '0', '0', '0', '0')","('-1', '-1', '2', '2', '2', '2', '-1', '-1', '-1', '-1', '-1', '-1', '-1', '-1', '-1')"
"('They', 'sell', 'special', 'sushi', ',', 'everything', 'have', 'a', 'topping', ',', 'sauce', 'and', 'etc.', '.')","('0', '0', '0', '1', '0', '0', '0', '0', '1', '0', '1', '0', '0', '0')","('-1', '-1', '-1', '-1', '-1', '-1', '-1', '-1', '2', '-1', '-1', '-1', '-1', '-1')"
"('If', 'you', '""re""', 'looking', 'for', 'a', 'great', 'meal', 'at', 'a', 'decent', 'price', ',', 'go', 'to', 'Del', 'Frisco', '""s""', '!')","('0', '0', '0', '0', '0', '0', '0', '1', '0', '0', '0', '1', '0', '0', '0', '0', '0', '0', '0')","('-1', '-1', '-1', '-1', '-1', '-1', '-1', '2', '-1', '-1', '-1', '-1', '-1', '-1', '-1', '-1', '-1', '-1', '-1')"
"('Example', 'is', 'the', 'soup', 'which', 'was', 'about', '6', 'oz', 'for', '$', '12', 'dollars', 'and', 'the', 'mushrooms', 'where', '$', '12', 'for', 'about', '1oz', '.')","('0', '0', '0', '1', '0', '0', '0', '0', '0', '0', '0', '0', '0', '0', '0', '1', '0', '0', '0', '0', '0', '0', '0')","('-1', '-1', '-1', '2', '-1', '-1', '-1', '-1', '-1', '-1', '-1', '-1', '-1', '-1', '-1', '-1', '-1', '-1', '-1', '-1', '-1', '-1', '-1')"
"('I', '""ve""', 'been', 'coming', 'here', 'as', 'a', 'child', 'and', 'always', 'come', 'back', 'for', 'the', 'taste', '.')","('0', '0', '0', '0', '0', '0', '0', '0', '0', '0', '0', '0', '0', '0', '1', '0')","('-1', '-1', '-1', '-1', '-1', '-1', '-1', '-1', '-1', '-1', '-1', '-1', '-1', '-1', '2', '-1')"
"('Usually', '3', 'vs.', '4', 'items', 'per', 'dish', '.')","('0', '0', '0', '0', '0', '0', '1', '0')","('-1', '-1', '-1', '-1', '-1', '-1', '1', '-1')"
"('Service', 'was', 'also', 'horrible', 'and', 'the', 'ambience', 'is', 'not', 'that', 'great', '.')","('1', '0', '0', '0', '0', '0', '1', '0', '0', '0', '0', '0')","('0', '-1', '-1', '-1', '-1', '-1', '-1', '-1', '-1', '-1', '-1', '-1')"
"('With', 'so', 'many', 'good', 'restaurants', 'on', 'the', 'UWS', ',', 'I', 'do', '""nt""', 'need', 'overpriced', 'food', ',', 'absurdly', 'arrogant', 'wait-staff', 'who', 'do', '""nt""', 'recognize', 'they', 'work', 'at', 'a', 'glorified', 'diner', ',', 'clumsy', 'service', ',', 'and', 'management', 'that', 'does', '""nt""', 'care', '.')","('0', '0', '0', '0', '0', '0', '0', '0', '0', '0', '0', '0', '0', '0', '1', '0', '0', '0', '1', '0', '0', '0', '0', '0', '0', '0', '0', '0', '1', '0', '0', '1', '0', '0', '1', '0', '0', '0', '0', '0')","('-1', '-1', '-1', '-1', '-1', '-1', '-1', '-1', '-1', '-1', '-1', '-1', '-1', '-1', '0', '-1', '-1', '-1', '-1', '-1', '-1', '-1', '-1', '-1', '-1', '-1', '-1', '-1', '-1', '-1', '-1', '-1', '-1', '-1', '-1', '-1', '-1', '-1', '-1', '-1')"
"('Went', 'there', 'with', 'my', 'wife', 'and', 'we', 'had', 'to', 'wait', 'for', 'a', 'table', 'even', 'though', 'you', 'could', 'see', 'there', 'many', 'that', 'were', 'empty', 'with', 'not', 'reservation', 'sigh', 'on', 'them', '.')","('0', '0', '0', '0', '0', '0', '0', '0', '0', '0', '0', '0', '1', '0', '0', '0', '0', '0', '0', '0', '0', '0', '0', '0', '0', '1', '2', '0', '0', '0')","('-1', '-1', '-1', '-1', '-1', '-1', '-1', '-1', '-1', '-1', '-1', '-1', '-1', '-1', '-1', '-1', '-1', '-1', '-1', '-1', '-1', '-1', '-1', '-1', '-1', '1', '1', '-1', '-1', '-1')"
"('I', 'had', 'the', 'best', 'ravioli', 'ever', '.')","('0', '0', '0', '0', '1', '0', '0')","('-1', '-1', '-1', '-1', '2', '-1', '-1')"
"('Do', '""nt""', 'go', 'alone', '--', 'even', 'two', 'people', 'is', '""nt""', 'enough', 'for', 'the', 'whole', 'experience', ',', 'with', 'pickles', 'and', 'a', 'selection', 'of', 'meats', 'and', 'seafoods', '.')","('0', '0', '0', '0', '0', '0', '0', '0', '0', '0', '0', '0', '0', '0', '0', '0', '0', '1', '0', '0', '1', '2', '2', '2', '2', '0')","('-1', '-1', '-1', '-1', '-1', '-1', '-1', '-1', '-1', '-1', '-1', '-1', '-1', '-1', '-1', '-1', '-1', '-1', '-1', '-1', '2', '2', '2', '2', '2', '-1')"
"('try', 'the', 'spicy', 'shrimp', 'appetizer', '-LRB-', 'again', ',', 'not', 'the', 'greatest', 'value', 'in', 'the', 'world', 'but', 'worth', 'the', 'price', '-RRB-', 'and', 'the', 'lamb', 'vindaloo', 'is', 'great', '.')","('0', '0', '0', '1', '2', '0', '0', '0', '0', '0', '0', '0', '0', '0', '0', '0', '0', '0', '0', '0', '0', '0', '1', '2', '0', '0', '0')","('-1', '-1', '-1', '2', '2', '-1', '-1', '-1', '-1', '-1', '-1', '-1', '-1', '-1', '-1', '-1', '-1', '-1', '-1', '-1', '-1', '-1', '-1', '-1', '-1', '-1', '-1')"
"('The', 'anti-pasta', 'was', 'excellent', ',', 'especially', 'the', 'calamari', ',', 'as', 'were', 'the', 'filling', 'pasta', 'mains', '.')","('0', '1', '0', '0', '0', '0', '0', '1', '0', '0', '0', '0', '1', '2', '2', '0')","('-1', '2', '-1', '-1', '-1', '-1', '-1', '-1', '-1', '-1', '-1', '-1', '-1', '-1', '-1', '-1')"
"('The', 'atmosphere', 'is', '""nt""', 'the', 'greatest', ',', 'but', 'I', 'suppose', 'that', '""s""', 'how', 'they', 'keep', 'the', 'prices', 'down', '.')","('0', '1', '0', '0', '0', '0', '0', '0', '0', '0', '0', '0', '0', '0', '0', '0', '1', '0', '0')","('-1', '1', '-1', '-1', '-1', '-1', '-1', '-1', '-1', '-1', '-1', '-1', '-1', '-1', '-1', '-1', '-1', '-1', '-1')"
"('Disappointing', 'food', ',', 'lousy', 'service', '.')","('0', '1', '0', '0', '1', '0')","('-1', '0', '-1', '-1', '-1', '-1')"
"('Our', 'server', 'was', 'very', 'helpful', 'and', 'friendly', '.')","('0', '1', '0', '0', '0', '0', '0', '0')","('-1', '2', '-1', '-1', '-1', '-1', '-1', '-1')"
"('With', 'the', 'great', 'variety', 'on', 'the', 'menu', ',', 'I', 'eat', 'here', 'often', 'and', 'never', 'get', 'bored', '.')","('0', '0', '0', '0', '0', '0', '1', '0', '0', '0', '0', '0', '0', '0', '0', '0', '0')","('-1', '-1', '-1', '-1', '-1', '-1', '2', '-1', '-1', '-1', '-1', '-1', '-1', '-1', '-1', '-1', '-1')"
"('The', 'sweet', 'lassi', 'was', 'excellent', 'as', 'was', 'the', 'lamb', 'chettinad', 'and', 'the', 'garlic', 'naan', 'but', 'the', 'rasamalai', 'was', 'forgettable', '.')","('0', '1', '2', '0', '0', '0', '0', '0', '1', '2', '0', '0', '1', '2', '0', '0', '1', '0', '0', '0')","('-1', '-1', '-1', '-1', '-1', '-1', '-1', '-1', '2', '2', '-1', '-1', '-1', '-1', '-1', '-1', '-1', '-1', '-1', '-1')"
"('BUt', 'their', 'best', 'dish', 'is', 'thh', 'Thai', 'spiced', 'curry', 'noodles', 'with', 'shrimp', '-', 'a', 'dish', 'that', 'would', 'cost', '$', '23.95', 'is', 'most', 'places', ',', 'but', 'it', 'is', '$', '16', 'here', '.')","('0', '0', '0', '1', '0', '0', '1', '2', '2', '2', '2', '2', '0', '0', '1', '0', '0', '1', '0', '0', '0', '0', '0', '0', '0', '0', '0', '0', '0', '0', '0')","('-1', '-1', '-1', '-1', '-1', '-1', '-1', '-1', '-1', '-1', '-1', '-1', '-1', '-1', '2', '-1', '-1', '-1', '-1', '-1', '-1', '-1', '-1', '-1', '-1', '-1', '-1', '-1', '-1', '-1', '-1')"
"('Each', 'bite', 'of', 'food', 'at', 'Kai', 'was', 'indeed', 'delicious', ',', 'fresh', ',', 'and', 'elegant', '.')","('0', '0', '0', '1', '0', '0', '0', '0', '0', '0', '0', '0', '0', '0', '0')","('-1', '-1', '-1', '2', '-1', '-1', '-1', '-1', '-1', '-1', '-1', '-1', '-1', '-1', '-1')"
"('Besides', ',', 'when', 'you', 'have', 'bad', 'service', ',', 'that', '""s""', 'less', 'money', 'you', 'have', 'to', 'tip', '.')","('0', '0', '0', '0', '0', '0', '1', '0', '0', '0', '0', '1', '0', '0', '0', '1', '0')","('-1', '-1', '-1', '-1', '-1', '-1', '-1', '-1', '-1', '-1', '-1', '0', '-1', '-1', '-1', '-1', '-1')"
"('There', 'is', 'a', 'downside', 'if', 'you', '""re""', 'ordering', 'in', '--', 'the', 'delivery', 'guys', 'have', 'MAJOR', 'attitude', '.')","('0', '0', '0', '0', '0', '0', '0', '0', '0', '0', '0', '1', '2', '0', '0', '0', '0')","('-1', '-1', '-1', '-1', '-1', '-1', '-1', '-1', '-1', '-1', '-1', '0', '0', '-1', '-1', '-1', '-1')"
"('The', 'waitstaff', 'were', 'attentive', ',', 'polite', 'and', 'helpful', '-', 'an', 'impressive', 'feat', 'in', 'such', 'close', 'quarters', '.')","('0', '1', '0', '0', '0', '0', '0', '0', '0', '0', '0', '0', '0', '0', '0', '0', '0')","('-1', '2', '-1', '-1', '-1', '-1', '-1', '-1', '-1', '-1', '-1', '-1', '-1', '-1', '-1', '-1', '-1')"
"('The', 'food', 'was', 'good', '.')","('0', '1', '0', '0', '0')","('-1', '2', '-1', '-1', '-1')"
"('-LRB-', '$', '200', 'for', '2', 'glasses', 'of', 'champagne', ',', 'not', 'too', 'expensive', 'bottle', 'of', 'wine', 'and', '2', 'after', 'dinner', 'drinks', '-RRB-', '.')","('0', '0', '0', '0', '0', '1', '2', '2', '0', '0', '0', '0', '1', '2', '2', '0', '0', '1', '2', '2', '0', '0')","('-1', '-1', '-1', '-1', '-1', '-1', '-1', '-1', '-1', '-1', '-1', '-1', '0', '0', '0', '-1', '-1', '-1', '-1', '-1', '-1', '-1')"
"('Service', 'was', 'devine', ',', 'oysters', 'where', 'a', 'sensual', 'as', 'they', 'come', ',', 'and', 'the', 'price', 'ca', '""nt""', 'be', 'beat', '!!!')","('1', '0', '0', '0', '1', '0', '0', '0', '0', '0', '0', '0', '0', '0', '1', '0', '0', '0', '0', '0')","('-1', '-1', '-1', '-1', '-1', '-1', '-1', '-1', '-1', '-1', '-1', '-1', '-1', '-1', '2', '-1', '-1', '-1', '-1', '-1')"
"('Also', ',', 'the', 'sandwiches', '-LRB-', 'nearing', '$', '7', '-RRB-', 'did', '""nt""', 'come', 'with', 'anything', 'like', 'chips', 'or', 'a', 'side', '.')","('0', '0', '0', '1', '0', '0', '0', '0', '0', '0', '0', '0', '0', '0', '0', '1', '0', '0', '1', '0')","('-1', '-1', '-1', '-1', '-1', '-1', '-1', '-1', '-1', '-1', '-1', '-1', '-1', '-1', '-1', '1', '-1', '-1', '-1', '-1')"
"('Had', '1', 'appetizer', ',', '2', 'entrees', 'and', '2', 'cokes', 'and', 'the', 'bill', 'was', '~', '$', '55.00', ',', 'not', 'including', 'tip', '.')","('0', '0', '1', '0', '0', '1', '0', '0', '1', '0', '0', '1', '0', '0', '0', '0', '0', '0', '0', '0', '0')","('-1', '-1', '-1', '-1', '-1', '1', '-1', '-1', '-1', '-1', '-1', '-1', '-1', '-1', '-1', '-1', '-1', '-1', '-1', '-1', '-1')"
"('Besides', 'having', 'the', 'table', 'we', 'had', 'been', 'promised', 'given', 'to', 'other', 'restaurant', 'patrons', 'twice', 'before', 'we', 'were', 'actually', 'seated', ',', 'we', 'were', 'served', 'dishes', 'we', 'had', '""nt""', 'ordered', 'three', 'times', ',', 'received', 'one', 'of', 'our', 'orders', '20', 'minutes', 'after', 'the', 'rest', 'of', 'the', 'table', 'had', 'been', 'served', '-LRB-', 'and', 'that', 'order', 'was', 'undercooked', '-RRB-', ',', 'and', 'charged', '$', '45', 'more', 'than', 'we', 'should', 'have', 'been', 'on', 'our', 'bill', '.')","('0', '0', '0', '1', '0', '0', '0', '0', '0', '0', '0', '0', '0', '0', '0', '0', '0', '0', '0', '0', '0', '0', '1', '1', '0', '0', '0', '0', '0', '0', '0', '0', '0', '0', '0', '0', '0', '0', '0', '0', '0', '0', '0', '1', '0', '0', '1', '0', '0', '0', '0', '0', '0', '0', '0', '0', '0', '0', '0', '0', '0', '0', '0', '0', '0', '0', '0', '1', '0')","('-1', '-1', '-1', '-1', '-1', '-1', '-1', '-1', '-1', '-1', '-1', '-1', '-1', '-1', '-1', '-1', '-1', '-1', '-1', '-1', '-1', '-1', '-1', '0', '-1', '-1', '-1', '-1', '-1', '-1', '-1', '-1', '-1', '-1', '-1', '-1', '-1', '-1', '-1', '-1', '-1', '-1', '-1', '-1', '-1', '-1', '-1', '-1', '-1', '-1', '-1', '-1', '-1', '-1', '-1', '-1', '-1', '-1', '-1', '-1', '-1', '-1', '-1', '-1', '-1', '-1', '-1', '-1', '-1')"
"('The', 'menu', 'changed', ',', 'portions', 'were', 'even', 'smaller', 'than', 'before', ',', 'a', 'lentil', 'dish', 'was', 'salty', 'beyond', 'edibility', ',', 'a', 'basmati', 'rice', 'dish', 'lacked', 'flavor', '.')","('0', '1', '0', '0', '1', '0', '0', '0', '0', '0', '0', '0', '1', '2', '0', '0', '0', '0', '0', '0', '1', '2', '2', '0', '1', '0')","('-1', '0', '-1', '-1', '-1', '-1', '-1', '-1', '-1', '-1', '-1', '-1', '-1', '-1', '-1', '-1', '-1', '-1', '-1', '-1', '-1', '-1', '-1', '-1', '-1', '-1')"
"('I', 'went', 'at', '6:00', 'PM', 'specifically', 'for', 'the', 'pre-theater', 'menu', '-LRB-', '$', '19.95', 'for', 'roasted', 'tomato', 'soup', 'with', 'chevre', ',', 'steak', 'frites', ',', 'creme', 'brulee', '-RRB-', 'and', 'it', 'was', 'marvelous', '.')","('0', '0', '0', '0', '0', '0', '0', '0', '1', '2', '0', '0', '0', '0', '1', '2', '2', '2', '2', '0', '1', '2', '0', '1', '2', '0', '0', '0', '0', '0', '0')","('-1', '-1', '-1', '-1', '-1', '-1', '-1', '-1', '-1', '-1', '-1', '-1', '-1', '-1', '-1', '-1', '-1', '-1', '-1', '-1', '-1', '-1', '-1', '2', '2', '-1', '-1', '-1', '-1', '-1', '-1')"
"('Although', 'the', 'tables', 'may', 'be', 'closely', 'situated', ',', 'the', 'candle-light', ',', 'food-quality', 'and', 'service', 'overcompensate', '.')","('0', '0', '1', '0', '0', '0', '0', '0', '0', '1', '0', '1', '0', '1', '0', '0')","('-1', '-1', '-1', '-1', '-1', '-1', '-1', '-1', '-1', '-1', '-1', '-1', '-1', '2', '-1', '-1')"
"('This', 'is', 'a', 'consistently', 'great', 'place', 'to', 'dine', 'for', 'lunch', 'or', 'dinner', '.')","('0', '0', '0', '0', '0', '0', '0', '1', '0', '1', '0', '1', '0')","('-1', '-1', '-1', '-1', '-1', '-1', '-1', '-1', '-1', '-1', '-1', '1', '-1')"
"('Decor', 'is', 'nice', 'and', 'minimalist', ',', 'food', 'simple', 'yet', 'very', 'well', 'presented', 'and', 'cooked', ',', 'and', 'the', 'wine', 'list', 'matches', 'the', 'food', 'very', 'well', '.')","('1', '0', '0', '0', '0', '0', '1', '0', '0', '0', '0', '0', '0', '0', '0', '0', '0', '1', '2', '0', '0', '1', '0', '0', '0')","('-1', '-1', '-1', '-1', '-1', '-1', '2', '-1', '-1', '-1', '-1', '-1', '-1', '-1', '-1', '-1', '-1', '-1', '-1', '-1', '-1', '-1', '-1', '-1', '-1')"
"('Good', 'crowd', ',', 'good', 'outdoor', 'seating', ',', 'with', 'a', 'hip', 'japanese', 'vibe', '.')","('0', '0', '0', '0', '1', '2', '0', '0', '0', '0', '0', '1', '0')","('-1', '-1', '-1', '-1', '-1', '-1', '-1', '-1', '-1', '-1', '-1', '2', '-1')"
"('We', 'began', 'with', 'the', 'cheese', 'fondue', '-LRB-', 'the', 'artisanal', 'blend', '-RRB-', 'and', 'added', 'apples', 'and', 'kielbasa', 'to', 'dip', '.')","('0', '0', '0', '0', '1', '2', '0', '0', '0', '0', '0', '0', '0', '1', '0', '1', '0', '0', '0')","('-1', '-1', '-1', '-1', '-1', '-1', '-1', '-1', '-1', '-1', '-1', '-1', '-1', '-1', '-1', '1', '-1', '-1', '-1')"
"('The', 'food', 'is', 'good', ',', 'especially', 'their', 'more', 'basic', 'dishes', ',', 'and', 'the', 'drinks', 'are', 'delicious', '.')","('0', '1', '0', '0', '0', '0', '0', '0', '0', '1', '0', '0', '0', '1', '0', '0', '0')","('-1', '2', '-1', '-1', '-1', '-1', '-1', '-1', '-1', '-1', '-1', '-1', '-1', '-1', '-1', '-1', '-1')"
"('Its', 'a', 'nice', 'quiet', 'location', 'to', 'go', 'eat', 'a', 'good', 'meal', ',', 'relax', ',', 'be', 'able', 'to', 'talk', 'and', 'have', 'a', 'very', 'good', 'time', '.')","('0', '0', '0', '0', '1', '0', '0', '0', '0', '0', '1', '0', '0', '0', '0', '0', '0', '0', '0', '0', '0', '0', '0', '0', '0')","('-1', '-1', '-1', '-1', '2', '-1', '-1', '-1', '-1', '-1', '-1', '-1', '-1', '-1', '-1', '-1', '-1', '-1', '-1', '-1', '-1', '-1', '-1', '-1', '-1')"
"('The', 'staff', 'is', 'very', 'kind', 'and', 'well', 'trained', ',', 'they', '""re""', 'fast', ',', 'they', 'are', 'always', 'prompt', 'to', 'jump', 'behind', 'the', 'bar', 'and', 'fix', 'drinks', ',', 'they', 'know', 'details', 'of', 'every', 'item', 'in', 'the', 'menu', 'and', 'make', 'excelent', 'recomendations', '.')","('0', '1', '0', '0', '0', '0', '0', '0', '0', '0', '0', '0', '0', '0', '0', '0', '0', '0', '0', '0', '0', '1', '0', '0', '1', '0', '0', '0', '0', '0', '0', '0', '0', '0', '1', '0', '0', '0', '0', '0')","('-1', '2', '-1', '-1', '-1', '-1', '-1', '-1', '-1', '-1', '-1', '-1', '-1', '-1', '-1', '-1', '-1', '-1', '-1', '-1', '-1', '-1', '-1', '-1', '-1', '-1', '-1', '-1', '-1', '-1', '-1', '-1', '-1', '-1', '-1', '-1', '-1', '-1', '-1', '-1')"
"('Where', 'tanks', 'in', 'other', 'Chinatown', 'restaurants', 'display', 'a', 'lurking', 'myriad', 'of', 'sad-looking', 'marine', 'life', 'in', 'their', 'murky', 'waters', ',', 'the', 'tanks', 'at', 'Ping', '""s""', 'are', 'clear', 'as', 'glass', 'with', 'healthy-looking', 'creatures', 'who', 'do', 'not', 'yet', 'know', 'that', 'they', 'will', 'be', 'part', 'of', 'some', 'dim', 'sum', 'lover', '""s""', 'brunch', '.')","('0', '1', '0', '0', '0', '0', '0', '0', '0', '0', '0', '0', '0', '0', '0', '0', '0', '0', '0', '0', '1', '0', '0', '0', '0', '0', '0', '0', '0', '0', '0', '0', '0', '0', '0', '0', '0', '0', '0', '0', '0', '0', '0', '1', '2', '0', '0', '1', '0')","('-1', '0', '-1', '-1', '-1', '-1', '-1', '-1', '-1', '-1', '-1', '-1', '-1', '-1', '-1', '-1', '-1', '-1', '-1', '-1', '-1', '-1', '-1', '-1', '-1', '-1', '-1', '-1', '-1', '-1', '-1', '-1', '-1', '-1', '-1', '-1', '-1', '-1', '-1', '-1', '-1', '-1', '-1', '-1', '-1', '-1', '-1', '-1', '-1')"
"('The', 'food', 'was', 'pretty', 'tradional', 'but', 'it', 'was', 'hot', 'and', 'good', 'with', 'large', 'portions', '.')","('0', '1', '0', '0', '0', '0', '0', '0', '0', '0', '0', '0', '0', '1', '0')","('-1', '2', '-1', '-1', '-1', '-1', '-1', '-1', '-1', '-1', '-1', '-1', '-1', '-1', '-1')"
"('Perhaps', 'this', 'food', 'is', 'considered', 'extreme', 'to', 'an', 'Upper', 'East', 'Side', 'resident', ',', 'but', 'for', 'the', 'rest', 'of', 'us', 'who', '""ve""', 'actually', 'eaten', 'ethnic', 'food', ',', 'this', 'is', 'simply', 'dull', '.')","('0', '0', '0', '0', '0', '0', '0', '0', '0', '0', '0', '0', '0', '0', '0', '0', '0', '0', '0', '0', '0', '0', '0', '1', '2', '0', '0', '0', '0', '0', '0')","('-1', '-1', '-1', '-1', '-1', '-1', '-1', '-1', '-1', '-1', '-1', '-1', '-1', '-1', '-1', '-1', '-1', '-1', '-1', '-1', '-1', '-1', '-1', '0', '0', '-1', '-1', '-1', '-1', '-1', '-1')"
"('The', 'food', 'was', 'just', 'OK', ',', 'at', 'least', 'for', 'what', 'food', 'was', 'available', '.')","('0', '1', '0', '0', '0', '0', '0', '0', '0', '0', '1', '0', '0', '0')","('-1', '1', '-1', '-1', '-1', '-1', '-1', '-1', '-1', '-1', '-1', '-1', '-1', '-1')"
"('The', 'anti-pasta', 'was', 'excellent', ',', 'especially', 'the', 'calamari', ',', 'as', 'were', 'the', 'filling', 'pasta', 'mains', '.')","('0', '1', '0', '0', '0', '0', '0', '1', '0', '0', '0', '0', '1', '2', '2', '0')","('-1', '-1', '-1', '-1', '-1', '-1', '-1', '-1', '-1', '-1', '-1', '-1', '2', '2', '2', '-1')"
"('The', 'decor', 'is', 'dark', ',', 'cool', 'and', 'soothing', ',', 'while', 'the', '""foods""', 'presentation', 'is', 'spectacular', ',', 'considering', 'the', 'low', 'prices', '.')","('0', '1', '0', '0', '0', '0', '0', '0', '0', '0', '0', '1', '2', '0', '0', '0', '0', '0', '0', '1', '0')","('-1', '2', '-1', '-1', '-1', '-1', '-1', '-1', '-1', '-1', '-1', '-1', '-1', '-1', '-1', '-1', '-1', '-1', '-1', '-1', '-1')"
"('Though', 'you', 'will', 'undoubtedly', 'be', 'seated', 'at', 'a', 'table', 'with', 'what', 'seems', 'like', 'barely', 'enough', 'room', '-LRB-', 'no', 'matter', 'what', 'the', 'size', 'of', 'your', 'party', '-RRB-', ',', 'the', 'warm', 'atomosphere', 'is', 'worth', 'the', 'cramped', 'quarters', '-', 'you', '""ll""', 'have', 'fun', 'and', 'forgot', 'about', 'the', 'tight', 'spot', 'you', '""re""', 'in', '.')","('0', '0', '0', '0', '0', '0', '0', '0', '1', '0', '0', '0', '0', '0', '0', '1', '0', '0', '0', '0', '0', '0', '0', '0', '0', '0', '0', '0', '0', '1', '0', '0', '0', '0', '0', '0', '0', '0', '0', '0', '0', '0', '0', '0', '0', '1', '0', '0', '0', '0')","('-1', '-1', '-1', '-1', '-1', '-1', '-1', '-1', '-1', '-1', '-1', '-1', '-1', '-1', '-1', '-1', '-1', '-1', '-1', '-1', '-1', '-1', '-1', '-1', '-1', '-1', '-1', '-1', '-1', '-1', '-1', '-1', '-1', '-1', '-1', '-1', '-1', '-1', '-1', '-1', '-1', '-1', '-1', '-1', '-1', '0', '-1', '-1', '-1', '-1')"
"('Everything', ',', 'from', 'the', 'soft', 'bread', ',', 'soggy', 'salad', ',', 'and', '50', 'minute', 'wait', 'time', ',', 'with', 'an', 'incredibly', 'rude', 'service', 'to', 'deliver', 'below', 'average', 'food', '.')","('0', '0', '0', '0', '0', '1', '0', '0', '1', '0', '0', '0', '0', '1', '0', '0', '0', '0', '0', '0', '1', '0', '0', '0', '0', '1', '0')","('-1', '-1', '-1', '-1', '-1', '-1', '-1', '-1', '0', '-1', '-1', '-1', '-1', '-1', '-1', '-1', '-1', '-1', '-1', '-1', '-1', '-1', '-1', '-1', '-1', '-1', '-1')"
"('Make', 'reservations', 'but', 'expect', 'to', 'be', 'delayed', '15-20', 'minutes', 'as', 'the', 'hosting', 'staff', 'was', 'having', 'difficulty', 'seating', 'guests', 'who', 'arrived', 'with', 'a', 'reservation', 'because', 'they', 'probably', 'had', 'a', 'lot', 'of', 'walk', 'ins', 'being', 'so', 'close', 'to', 'Time', 'Square', '.')","('0', '1', '0', '0', '0', '0', '0', '0', '0', '0', '0', '1', '2', '0', '0', '0', '1', '0', '0', '0', '0', '0', '1', '0', '0', '0', '0', '0', '0', '0', '0', '0', '0', '0', '0', '0', '0', '0', '0')","('-1', '-1', '-1', '-1', '-1', '-1', '-1', '-1', '-1', '-1', '-1', '0', '0', '-1', '-1', '-1', '-1', '-1', '-1', '-1', '-1', '-1', '-1', '-1', '-1', '-1', '-1', '-1', '-1', '-1', '-1', '-1', '-1', '-1', '-1', '-1', '-1', '-1', '-1')"
"('my', 'picks', 'are', ':', '-', 'Scallion', 'Pancake', '-LRB-', 'fried', 'with', 'vegetable', 'juice', ',', 'very', 'special', 'and', 'tasty', '-RRB-', '-', 'Guizhou', 'Chicken', '-', 'Shredded', 'Squid', 'Family', 'Style', '-LRB-', 'one', 'of', 'my', 'personal', 'favorites', '-RRB-', '-', 'Sichuan', 'Spicy', 'Soft', 'Shell', 'Crab', '-', 'Shuizhu', 'Fish', '-LRB-', 'this', 'one', 'is', 'for', 'hardcore', 'Sichuan', 'food', 'fans', ',', 'I', 'would', '""nt""', 'recommend', 'to', 'my', 'American', 'friends', 'as', 'it', '""s""', 'very', 'spicy', '.')","('0', '0', '0', '0', '0', '1', '2', '0', '0', '0', '1', '2', '0', '0', '0', '0', '0', '0', '0', '1', '2', '0', '1', '2', '2', '2', '0', '0', '0', '0', '0', '0', '0', '0', '1', '2', '2', '2', '2', '0', '1', '2', '0', '0', '0', '0', '0', '0', '1', '2', '0', '0', '0', '0', '0', '0', '0', '0', '0', '0', '0', '0', '0', '0', '0', '0')","('-1', '-1', '-1', '-1', '-1', '-1', '-1', '-1', '-1', '-1', '-1', '-1', '-1', '-1', '-1', '-1', '-1', '-1', '-1', '2', '2', '-1', '-1', '-1', '-1', '-1', '-1', '-1', '-1', '-1', '-1', '-1', '-1', '-1', '-1', '-1', '-1', '-1', '-1', '-1', '-1', '-1', '-1', '-1', '-1', '-1', '-1', '-1', '-1', '-1', '-1', '-1', '-1', '-1', '-1', '-1', '-1', '-1', '-1', '-1', '-1', '-1', '-1', '-1', '-1', '-1')"
"('However', ',', 'they', '""ve""', 'got', 'the', 'most', 'amazing', 'pastrami', 'and', 'the', 'soups', 'hit', 'the', 'spot', '.')","('0', '0', '0', '0', '0', '0', '0', '0', '1', '0', '0', '1', '0', '0', '0', '0')","('-1', '-1', '-1', '-1', '-1', '-1', '-1', '-1', '2', '-1', '-1', '-1', '-1', '-1', '-1', '-1')"
"('not', 'the', 'food', ',', 'not', 'the', 'ambiance', ',', 'not', 'the', 'service', ',', 'I', 'agree', 'with', 'the', 'previous', 'reviews', 'you', 'wait', 'and', 'wait', ',', 'the', 'wait', 'staff', 'are', 'very', 'rude', 'and', 'when', 'you', 'get', 'in', 'they', 'are', 'looking', 'to', 'get', 'you', 'right', 'out', '.')","('0', '0', '1', '0', '0', '0', '1', '0', '0', '0', '1', '0', '0', '0', '0', '0', '0', '0', '0', '0', '0', '0', '0', '0', '1', '2', '0', '0', '0', '0', '0', '0', '0', '0', '0', '0', '0', '0', '0', '0', '0', '0', '0')","('-1', '-1', '-1', '-1', '-1', '-1', '1', '-1', '-1', '-1', '-1', '-1', '-1', '-1', '-1', '-1', '-1', '-1', '-1', '-1', '-1', '-1', '-1', '-1', '-1', '-1', '-1', '-1', '-1', '-1', '-1', '-1', '-1', '-1', '-1', '-1', '-1', '-1', '-1', '-1', '-1', '-1', '-1')"
"('This', 'place', 'is', 'not', 'worth', 'the', 'prices', '.')","('0', '0', '0', '0', '0', '0', '1', '0')","('-1', '-1', '-1', '-1', '-1', '-1', '0', '-1')"
"('I', 'do', 'suggest', 'to', 'ask', 'to', 'be', 'seated', 'upstairs', 'if', 'you', 'are', 'looking', 'to', 'be', 'a', 'little', 'cozy', '.')","('0', '0', '0', '0', '0', '0', '0', '0', '1', '0', '0', '0', '0', '0', '0', '0', '0', '0', '0')","('-1', '-1', '-1', '-1', '-1', '-1', '-1', '-1', '2', '-1', '-1', '-1', '-1', '-1', '-1', '-1', '-1', '-1', '-1')"
"('It', 'appears', 'to', 'be', 'the', 'owner', '""s""', 'first', 'venture', 'and', 'it', 'shows', '.')","('0', '0', '0', '0', '0', '1', '0', '0', '0', '0', '0', '0', '0')","('-1', '-1', '-1', '-1', '-1', '0', '-1', '-1', '-1', '-1', '-1', '-1', '-1')"
"('Pizza', 'and', 'garlic', 'knots', 'are', 'great', 'as', 'well', ',', 'I', 'order', 'from', 'them', 'quite', 'often', 'and', 'the', 'delivery', 'is', 'always', 'super', 'quick', '!')","('1', '0', '1', '2', '0', '0', '0', '0', '0', '0', '0', '0', '0', '0', '0', '0', '0', '1', '0', '0', '0', '0', '0')","('2', '-1', '-1', '-1', '-1', '-1', '-1', '-1', '-1', '-1', '-1', '-1', '-1', '-1', '-1', '-1', '-1', '-1', '-1', '-1', '-1', '-1', '-1')"
"('With', 'the', 'exception', 'of', 'our', 'lemon', 'salad', 'that', 'had', 'so', 'much', 'pepper', 'on', 'it', 'that', 'our', 'eyes', 'started', 'watering', ',', 'the', 'food', 'here', 'was', 'decent', ',', 'not', 'great', '.')","('0', '0', '0', '0', '0', '1', '2', '0', '0', '0', '0', '1', '0', '0', '0', '0', '0', '0', '0', '0', '0', '1', '0', '0', '0', '0', '0', '0', '0')","('-1', '-1', '-1', '-1', '-1', '-1', '-1', '-1', '-1', '-1', '-1', '-1', '-1', '-1', '-1', '-1', '-1', '-1', '-1', '-1', '-1', '1', '-1', '-1', '-1', '-1', '-1', '-1', '-1')"
"('Great', 'bar', ',', 'most', 'gorgeous', 'bartenders', 'you', '""ve""', 'ever', 'seen', '-LRB-', 'specifically', 'the', 'blond', 'lady', '-RRB-', '.')","('0', '1', '0', '0', '0', '1', '0', '0', '0', '0', '0', '0', '0', '0', '0', '0', '0')","('-1', '-1', '-1', '-1', '-1', '2', '-1', '-1', '-1', '-1', '-1', '-1', '-1', '-1', '-1', '-1', '-1')"
"('Super', 'friendly', 'and', 'knowledgable', 'staff', ',', 'fabulous', 'bistro', 'fare', 'and', 'a', 'wonderful', 'jazz', 'brunch', 'with', 'great', 'live', 'jazz', '-LRB-', 'the', 'chilaquiles', 'were', 'awesome', '!')","('0', '0', '0', '0', '1', '0', '0', '1', '2', '0', '0', '0', '1', '2', '0', '0', '1', '2', '0', '0', '1', '0', '0', '0')","('-1', '-1', '-1', '-1', '-1', '-1', '-1', '-1', '-1', '-1', '-1', '-1', '-1', '-1', '-1', '-1', '2', '2', '-1', '-1', '-1', '-1', '-1', '-1')"
"('Ambience', 'is', 'so', 'cute', 'and', 'quaint', ',', 'good', 'for', 'business', 'although', 'we', 'were', 'there', 'on', 'vacation', '.')","('1', '0', '0', '0', '0', '0', '0', '0', '0', '0', '0', '0', '0', '0', '0', '0', '0')","('2', '-1', '-1', '-1', '-1', '-1', '-1', '-1', '-1', '-1', '-1', '-1', '-1', '-1', '-1', '-1', '-1')"
"('Go', 'to', 'Volare', 'for', '1st', 'class', 'service', 'and', 'terrific', 'food', '.')","('0', '0', '0', '0', '0', '0', '1', '0', '0', '1', '0')","('-1', '-1', '-1', '-1', '-1', '-1', '-1', '-1', '-1', '2', '-1')"
"('The', 'food', 'was', 'terrific', 'and', 'the', 'service', 'classy', ',', 'attentive', ',', 'without', 'being', 'overbearing', '.')","('0', '1', '0', '0', '0', '0', '1', '0', '0', '0', '0', '0', '0', '0', '0')","('-1', '-1', '-1', '-1', '-1', '-1', '2', '-1', '-1', '-1', '-1', '-1', '-1', '-1', '-1')"
"('Some', 'baby', 'pizzas', 'get', 'their', 'wish', '.')","('0', '1', '2', '0', '0', '0', '0')","('-1', '1', '1', '-1', '-1', '-1', '-1')"
"('For', 'many', 'people', ',', 'this', 'may', 'not', 'seem', 'like', 'Aunthentic', 'Thai', 'food', 'because', 'most', 'places', 'in', 'NYC', 'arent', 'quite', 'authentic', '.')","('0', '0', '0', '0', '0', '0', '0', '0', '0', '0', '1', '2', '0', '0', '0', '0', '0', '0', '0', '0', '0')","('-1', '-1', '-1', '-1', '-1', '-1', '-1', '-1', '-1', '-1', '0', '0', '-1', '-1', '-1', '-1', '-1', '-1', '-1', '-1', '-1')"
"('The', 'food', 'inludes', 'famous', 'scrumptious', 'bombay', 'style', 'chaat', 'such', 'as', 'bhelpuri', ',', 'sevpuri', 'and', 'samosa', 'chaats', ',', 'as', 'well', 'as', 'other', 'great', 'indian', 'appetizers', '.')","('0', '1', '0', '0', '0', '1', '2', '2', '0', '0', '1', '0', '1', '0', '1', '2', '0', '0', '0', '0', '0', '0', '1', '2', '0')","('-1', '2', '-1', '-1', '-1', '-1', '-1', '-1', '-1', '-1', '-1', '-1', '-1', '-1', '-1', '-1', '-1', '-1', '-1', '-1', '-1', '-1', '-1', '-1', '-1')"
"('I', 'am', 'not', 'the', 'most', 'experienced', 'person', 'when', 'it', 'comes', 'to', 'Thai', 'food', ',', 'but', 'my', 'friend', 'who', 'took', 'me', 'there', 'is', '.')","('0', '0', '0', '0', '0', '0', '0', '0', '0', '0', '0', '1', '2', '0', '0', '0', '0', '0', '0', '0', '0', '0', '0')","('-1', '-1', '-1', '-1', '-1', '-1', '-1', '-1', '-1', '-1', '-1', '1', '1', '-1', '-1', '-1', '-1', '-1', '-1', '-1', '-1', '-1', '-1')"
"('The', 'food', 'is', 'wonderful', ',', 'tasty', 'and', 'filling', ',', 'and', 'the', 'service', 'is', 'professional', 'and', 'friendly', '.')","('0', '1', '0', '0', '0', '0', '0', '0', '0', '0', '0', '1', '0', '0', '0', '0', '0')","('-1', '-1', '-1', '-1', '-1', '-1', '-1', '-1', '-1', '-1', '-1', '2', '-1', '-1', '-1', '-1', '-1')"
"('Yes', ',', 'there', 'might', 'be', 'a', 'wait', 'if', 'you', 'have', 'no', 'reservations', '.')","('0', '0', '0', '0', '0', '0', '1', '0', '0', '0', '0', '1', '0')","('-1', '-1', '-1', '-1', '-1', '-1', '0', '-1', '-1', '-1', '-1', '-1', '-1')"
"('The', 'staff', 'was', 'too', 'busy', 'ordering', 'sushi', 'for', 'dinner', 'and', 'then', 'laying', 'it', 'out', 'to', 'eat', 'on', 'the', 'bar', 'to', 'even', 'bring', 'me', 'my', 'check', '.')","('0', '1', '0', '0', '0', '0', '1', '0', '1', '0', '0', '0', '0', '0', '0', '0', '0', '0', '1', '0', '0', '0', '0', '0', '1', '0')","('-1', '-1', '-1', '-1', '-1', '-1', '1', '-1', '-1', '-1', '-1', '-1', '-1', '-1', '-1', '-1', '-1', '-1', '-1', '-1', '-1', '-1', '-1', '-1', '-1', '-1')"
"('The', 'food', 'was', 'delicious', 'and', 'the', 'waiter', 'was', 'incredibly', 'helpful', 'and', 'attentive', '-LRB-', 'considering', 'we', 'were', 'the', 'only', 'ones', 'there', 'for', 'the', 'first', 'hour', '-RRB-', '.')","('0', '1', '0', '0', '0', '0', '1', '0', '0', '0', '0', '0', '0', '0', '0', '0', '0', '0', '0', '0', '0', '0', '0', '0', '0', '0')","('-1', '-1', '-1', '-1', '-1', '-1', '2', '-1', '-1', '-1', '-1', '-1', '-1', '-1', '-1', '-1', '-1', '-1', '-1', '-1', '-1', '-1', '-1', '-1', '-1', '-1')"
"('The', 'sushi', 'is', 'also', 'great', '!')","('0', '1', '0', '0', '0', '0')","('-1', '2', '-1', '-1', '-1', '-1')"
"('I', 'fell', 'in', 'love', 'with', 'the', 'egg', 'noodles', 'in', 'the', 'beef', 'broth', 'with', 'shrimp', 'dumplings', 'and', 'slices', 'of', 'BBQ', 'roast', 'pork', '.')","('0', '0', '0', '0', '0', '0', '1', '2', '2', '2', '2', '2', '2', '2', '2', '2', '2', '2', '2', '2', '2', '0')","('-1', '-1', '-1', '-1', '-1', '-1', '2', '2', '2', '2', '2', '2', '2', '2', '2', '2', '2', '2', '2', '2', '2', '-1')"
"('The', 'wine', 'and', 'cheese', 'plate', 'are', 'plentiful', 'and', 'ca', '""nt""', 'wait', 'to', 'try', 'the', 'fondue', 'or', 'table', 'grilling', '.')","('0', '1', '0', '1', '0', '0', '0', '0', '0', '0', '0', '0', '0', '0', '1', '0', '1', '2', '0')","('-1', '-1', '-1', '2', '-1', '-1', '-1', '-1', '-1', '-1', '-1', '-1', '-1', '-1', '-1', '-1', '-1', '-1', '-1')"
"('The', 'sicilian', 'is', 'my', 'favorite', 'it', 'is', 'moist', 'not', 'dry', 'like', 'most', 'places', 'but', 'all', 'their', 'pizza', 'is', 'great', '!')","('0', '1', '0', '0', '0', '0', '0', '0', '0', '0', '0', '0', '0', '0', '0', '0', '1', '0', '0', '0')","('-1', '2', '-1', '-1', '-1', '-1', '-1', '-1', '-1', '-1', '-1', '-1', '-1', '-1', '-1', '-1', '-1', '-1', '-1', '-1')"
"('at', 'taj', ',', 'vegetarians', 'can', 'rejoice-all', 'the', 'dishes', 'are', 'manna', 'from', 'heaven', '.')","('0', '0', '0', '0', '0', '0', '0', '1', '0', '0', '0', '0', '0')","('-1', '-1', '-1', '-1', '-1', '-1', '-1', '2', '-1', '-1', '-1', '-1', '-1')"
"('We', 'are', 'very', 'particular', 'about', 'sushi', 'and', 'were', 'both', 'please', 'with', 'every', 'choice', 'which', 'included', ':', 'ceviche', 'mix', '-LRB-', 'special', '-RRB-', ',', 'crab', 'dumplings', ',', 'assorted', 'sashimi', ',', 'sushi', 'and', 'rolls', ',', 'two', 'types', 'of', 'sake', ',', 'and', 'the', 'banana', 'tempura', '.')","('0', '0', '0', '0', '0', '1', '0', '0', '0', '0', '0', '0', '0', '0', '0', '0', '1', '2', '2', '2', '2', '0', '1', '2', '0', '1', '2', '0', '1', '0', '1', '0', '0', '0', '0', '1', '0', '0', '0', '1', '2', '0')","('-1', '-1', '-1', '-1', '-1', '-1', '-1', '-1', '-1', '-1', '-1', '-1', '-1', '-1', '-1', '-1', '-1', '-1', '-1', '-1', '-1', '-1', '2', '2', '-1', '-1', '-1', '-1', '-1', '-1', '-1', '-1', '-1', '-1', '-1', '-1', '-1', '-1', '-1', '-1', '-1', '-1')"
"('Make', 'reservations', 'but', 'expect', 'to', 'be', 'delayed', '15-20', 'minutes', 'as', 'the', 'hosting', 'staff', 'was', 'having', 'difficulty', 'seating', 'guests', 'who', 'arrived', 'with', 'a', 'reservation', 'because', 'they', 'probably', 'had', 'a', 'lot', 'of', 'walk', 'ins', 'being', 'so', 'close', 'to', 'Time', 'Square', '.')","('0', '1', '0', '0', '0', '0', '0', '0', '0', '0', '0', '1', '2', '0', '0', '0', '1', '0', '0', '0', '0', '0', '1', '0', '0', '0', '0', '0', '0', '0', '0', '0', '0', '0', '0', '0', '0', '0', '0')","('-1', '-1', '-1', '-1', '-1', '-1', '-1', '-1', '-1', '-1', '-1', '-1', '-1', '-1', '-1', '-1', '-1', '-1', '-1', '-1', '-1', '-1', '1', '-1', '-1', '-1', '-1', '-1', '-1', '-1', '-1', '-1', '-1', '-1', '-1', '-1', '-1', '-1', '-1')"
"('The', 'food', 'is', 'okay', 'and', 'the', 'prices', 'here', 'are', 'mediocre', '.')","('0', '1', '0', '0', '0', '0', '1', '0', '0', '0', '0')","('-1', '-1', '-1', '-1', '-1', '-1', '1', '-1', '-1', '-1', '-1')"
"('-', 'the', 'bread', 'at', 'the', 'beginning', 'is', 'super', 'tasty', 'and', 'makes', 'you', 'want', 'more', '-', 'the', 'pizza', 'is', 'delicious', 'and', 'comes', 'in', 'personal', 'sizes', ',', 'however', 'be', 'warned', 'that', 'the', '""Peters""', 'Favourite', 'pizza', 'with', 'prosciutto', 'and', 'baby', 'arugula', 'is', 'actually', 'a', 'margarite', 'pizza', 'with', 'cold', 'prosciutto', 'and', 'baby', 'arugula', 'on', 'top', ',', 'like', 'a', 'salad', '.')","('0', '0', '1', '0', '0', '0', '0', '0', '0', '0', '0', '0', '0', '0', '0', '0', '1', '0', '0', '0', '0', '0', '0', '0', '0', '0', '0', '0', '0', '0', '1', '2', '2', '2', '2', '2', '2', '2', '0', '0', '0', '1', '2', '2', '2', '2', '2', '2', '2', '2', '2', '0', '0', '0', '1', '0')","('-1', '-1', '-1', '-1', '-1', '-1', '-1', '-1', '-1', '-1', '-1', '-1', '-1', '-1', '-1', '-1', '2', '-1', '-1', '-1', '-1', '-1', '-1', '-1', '-1', '-1', '-1', '-1', '-1', '-1', '-1', '-1', '-1', '-1', '-1', '-1', '-1', '-1', '-1', '-1', '-1', '-1', '-1', '-1', '-1', '-1', '-1', '-1', '-1', '-1', '-1', '-1', '-1', '-1', '-1', '-1')"
"('Only', 'drawback', '-', 'they', 'wo', '""nt""', 'toast', 'your', 'bagel', ',', 'and', 'they', 'do', '""nt""', 'make', 'eggs', 'for', 'the', 'bagel', '.')","('0', '0', '0', '0', '0', '0', '0', '0', '1', '0', '0', '0', '0', '0', '0', '1', '0', '0', '1', '0')","('-1', '-1', '-1', '-1', '-1', '-1', '-1', '-1', '-1', '-1', '-1', '-1', '-1', '-1', '-1', '0', '-1', '-1', '-1', '-1')"
"('I', 'look', 'forward', 'to', 'eating', 'here', 'again')","('0', '0', '0', '0', '1', '0', '0')","('-1', '-1', '-1', '-1', '2', '-1', '-1')"
"('The', 'entertainment', 'was', 'great', 'they', 'have', 'shows', 'that', 'go', 'on', 'through', 'out', 'the', 'dinner', '.')","('0', '1', '0', '0', '0', '0', '1', '0', '0', '0', '0', '0', '0', '1', '0')","('-1', '-1', '-1', '-1', '-1', '-1', '2', '-1', '-1', '-1', '-1', '-1', '-1', '-1', '-1')"
"('But', 'do', '""nt""', 'ever', 'order', 'bacon', 'late', 'at', 'nite', '-LRB-', 'either', 'platter', 'or', 'in', 'sandwiches', ',', 'for', 'that', 'matter', 'do', '""nt""', 'from', 'any', 'take', 'out', 'place', '-RRB-', 'as', 'it', 'is', 'from', 'the', 'morning', 'frying', 'turns', 'out', 'hard', 'almost', 'like', 'bacos', ',', 'hurt', 'my', 'molars', '.')","('0', '0', '0', '0', '0', '1', '0', '0', '0', '0', '0', '1', '0', '1', '2', '0', '0', '0', '0', '0', '0', '0', '0', '0', '0', '0', '0', '0', '0', '0', '0', '0', '0', '1', '0', '0', '0', '0', '0', '1', '0', '0', '0', '0', '0')","('-1', '-1', '-1', '-1', '-1', '0', '-1', '-1', '-1', '-1', '-1', '-1', '-1', '-1', '-1', '-1', '-1', '-1', '-1', '-1', '-1', '-1', '-1', '-1', '-1', '-1', '-1', '-1', '-1', '-1', '-1', '-1', '-1', '-1', '-1', '-1', '-1', '-1', '-1', '-1', '-1', '-1', '-1', '-1', '-1')"
"('My', 'entree', 'of', 'hot', 'pot', 'with', 'seafood', 'was', 'full', 'of', 'imitation', 'crabmeat', 'with', 'a', 'couple', 'pieces', 'of', 'shrimp', 'and', 'squid', ',', 'and', 'was', 'unnecessarily', 'heated', 'with', 'a', 'burner', '.')","('0', '1', '0', '1', '2', '2', '2', '0', '0', '0', '0', '1', '0', '0', '0', '0', '0', '1', '0', '1', '0', '0', '0', '0', '0', '0', '0', '0', '0')","('-1', '-1', '-1', '-1', '-1', '-1', '-1', '-1', '-1', '-1', '-1', '-1', '-1', '-1', '-1', '-1', '-1', '0', '-1', '-1', '-1', '-1', '-1', '-1', '-1', '-1', '-1', '-1', '-1')"
"('My', 'husband', 'had', 'the', 'mesclun', ',', 'salmon', ',', 'and', 'ice', 'cream', 'and', 'he', 'enjoyed', 'all', '3', 'courses', '.')","('0', '0', '0', '0', '1', '0', '1', '0', '0', '1', '2', '0', '0', '0', '0', '0', '1', '0')","('-1', '-1', '-1', '-1', '-1', '-1', '-1', '-1', '-1', '-1', '-1', '-1', '-1', '-1', '-1', '-1', '2', '-1')"
"('I', 'have', 'reservations', 'about', 'the', 'all', 'you', 'can', 'eat', 'deal', ',', 'however', '--', 'the', 'choices', 'are', 'fairly', 'limited', 'and', 'you', 'can', 'probably', 'order', 'more', 'food', 'than', 'you', 'can', 'eat', 'for', 'less', 'than', '$', '18', 'by', 'just', 'going', 'off', 'the', 'menu', '.')","('0', '0', '1', '0', '0', '0', '0', '0', '0', '0', '0', '0', '0', '0', '1', '0', '0', '0', '0', '0', '0', '0', '0', '0', '1', '0', '0', '0', '0', '0', '0', '0', '0', '0', '0', '0', '0', '0', '0', '1', '0')","('-1', '-1', '-1', '-1', '-1', '-1', '-1', '-1', '-1', '-1', '-1', '-1', '-1', '-1', '-1', '-1', '-1', '-1', '-1', '-1', '-1', '-1', '-1', '-1', '1', '-1', '-1', '-1', '-1', '-1', '-1', '-1', '-1', '-1', '-1', '-1', '-1', '-1', '-1', '-1', '-1')"
"('Bottom', 'line', ':', 'B', '+', 'for', 'the', 'food', ',', 'F', 'for', 'the', 'service', '.')","('0', '0', '0', '0', '0', '0', '0', '1', '0', '0', '0', '0', '1', '0')","('-1', '-1', '-1', '-1', '-1', '-1', '-1', '-1', '-1', '-1', '-1', '-1', '0', '-1')"
"('In', 'summer-eat', 'outside', 'on', 'a', 'terrace', '-LRB-', 'another', 'great', 'feature', 'of', 'Suan', '-RRB-', '!!!')","('0', '0', '0', '0', '0', '1', '0', '0', '0', '0', '0', '0', '0', '0')","('-1', '-1', '-1', '-1', '-1', '2', '-1', '-1', '-1', '-1', '-1', '-1', '-1', '-1')"
"('While', 'the', 'place', 'is', 'not', 'a', 'hotspot', 'hangout', ',', 'the', 'drinks', 'are', 'unique', 'and', 'pack', 'a', 'lot', 'of', 'bang', 'for', 'the', 'buck', '.')","('0', '0', '1', '0', '0', '0', '0', '0', '0', '0', '1', '0', '0', '0', '0', '0', '0', '0', '0', '0', '0', '0', '0')","('-1', '-1', '0', '-1', '-1', '-1', '-1', '-1', '-1', '-1', '-1', '-1', '-1', '-1', '-1', '-1', '-1', '-1', '-1', '-1', '-1', '-1', '-1')"
"('The', 'wine', 'and', 'cheese', 'plate', 'are', 'plentiful', 'and', 'ca', '""nt""', 'wait', 'to', 'try', 'the', 'fondue', 'or', 'table', 'grilling', '.')","('0', '1', '0', '1', '0', '0', '0', '0', '0', '0', '0', '0', '0', '0', '1', '0', '1', '2', '0')","('-1', '2', '-1', '-1', '-1', '-1', '-1', '-1', '-1', '-1', '-1', '-1', '-1', '-1', '-1', '-1', '-1', '-1', '-1')"
"('I', 'stumbled', 'upon', 'this', 'second', 'floor', 'walk-up', 'two', 'Fridays', 'ago', 'when', 'I', 'was', 'with', 'two', 'friends', 'in', 'town', 'from', 'L.A.', 'Being', 'serious', 'sushi', 'lovers', ',', 'we', 'sat', 'at', 'the', 'sushi', 'bar', 'to', 'be', 'closer', 'to', 'the', 'action', '.')","('0', '0', '0', '0', '0', '0', '0', '0', '0', '0', '0', '0', '0', '0', '0', '0', '0', '0', '0', '0', '0', '0', '1', '0', '0', '0', '0', '0', '0', '1', '2', '0', '0', '0', '0', '0', '0', '0')","('-1', '-1', '-1', '-1', '-1', '-1', '-1', '-1', '-1', '-1', '-1', '-1', '-1', '-1', '-1', '-1', '-1', '-1', '-1', '-1', '-1', '-1', '1', '-1', '-1', '-1', '-1', '-1', '-1', '-1', '-1', '-1', '-1', '-1', '-1', '-1', '-1', '-1')"
"('We', 'were', 'seated', 'promptly', 'as', 'we', 'had', 'reservations', ',', 'however', 'after', 'that', 'the', 'service', 'was', 'slow', '.')","('0', '0', '0', '0', '0', '0', '0', '1', '0', '0', '0', '0', '0', '1', '0', '0', '0')","('-1', '-1', '-1', '-1', '-1', '-1', '-1', '2', '-1', '-1', '-1', '-1', '-1', '-1', '-1', '-1', '-1')"
"('sometimes', 'i', 'get', 'bad', 'food', 'and', 'bad', 'service', ',', 'sometimes', 'i', 'get', 'good', 'good', 'and', 'bad', 'service', '.')","('0', '0', '0', '0', '1', '0', '0', '1', '0', '0', '0', '0', '0', '1', '0', '0', '1', '0')","('-1', '-1', '-1', '-1', '0', '-1', '-1', '-1', '-1', '-1', '-1', '-1', '-1', '-1', '-1', '-1', '-1', '-1')"
"('While', 'the', 'ambiance', 'and', 'atmosphere', 'were', 'great', ',', 'the', 'food', 'and', 'service', 'could', 'have', 'been', 'a', 'lot', 'better', '.')","('0', '0', '1', '0', '1', '0', '0', '0', '0', '1', '0', '1', '0', '0', '0', '0', '0', '0', '0')","('-1', '-1', '-1', '-1', '-1', '-1', '-1', '-1', '-1', '0', '-1', '-1', '-1', '-1', '-1', '-1', '-1', '-1', '-1')"
"('I', 'do', '""nt""', 'know', 'about', 'you', 'guys', ',', 'but', 'when', 'I', 'go', 'somewhere', 'to', 'eat', 'I', 'go', 'for', 'the', 'food', 'not', 'for', 'the', 'atmosphere', '.')","('0', '0', '0', '0', '0', '0', '0', '0', '0', '0', '0', '0', '0', '0', '0', '0', '0', '0', '0', '1', '0', '0', '0', '1', '0')","('-1', '-1', '-1', '-1', '-1', '-1', '-1', '-1', '-1', '-1', '-1', '-1', '-1', '-1', '-1', '-1', '-1', '-1', '-1', '-1', '-1', '-1', '-1', '1', '-1')"
"('Went', 'on', 'a', '3', 'day', 'oyster', 'binge', ',', 'with', 'Fish', 'bringing', 'up', 'the', 'closing', ',', 'and', 'I', 'am', 'so', 'glad', 'this', 'was', 'the', 'place', 'it', 'O', 'trip', 'ended', ',', 'because', 'it', 'was', 'so', 'great', '!')","('0', '0', '0', '0', '0', '1', '0', '0', '0', '1', '0', '0', '0', '0', '0', '0', '0', '0', '0', '0', '0', '0', '0', '1', '0', '0', '0', '0', '0', '0', '0', '0', '0', '0', '0')","('-1', '-1', '-1', '-1', '-1', '-1', '-1', '-1', '-1', '-1', '-1', '-1', '-1', '-1', '-1', '-1', '-1', '-1', '-1', '-1', '-1', '-1', '-1', '2', '-1', '-1', '-1', '-1', '-1', '-1', '-1', '-1', '-1', '-1', '-1')"
"('The', 'service', 'is', 'good', 'and', 'ambience', 'is', 'good', 'for', 'a', 'date', 'or', 'group', 'outing', '.')","('0', '1', '0', '0', '0', '1', '0', '0', '0', '0', '0', '0', '0', '0', '0')","('-1', '-1', '-1', '-1', '-1', '2', '-1', '-1', '-1', '-1', '-1', '-1', '-1', '-1', '-1')"
"('Disappointing', 'food', ',', 'lousy', 'service', '.')","('0', '1', '0', '0', '1', '0')","('-1', '-1', '-1', '-1', '0', '-1')"
"('kalbi', 'and', 'nebbiolo', 'do', 'work', 'together', '.')","('1', '0', '1', '0', '0', '0', '0')","('-1', '-1', '1', '-1', '-1', '-1', '-1')"
"('We', 'ate', 'at', 'this', 'Thai', 'place', 'following', 'the', 'reviews', 'but', 'very', 'unhappy', 'with', 'the', 'foods', '.')","('0', '0', '0', '0', '0', '0', '0', '0', '0', '0', '0', '0', '0', '0', '1', '0')","('-1', '-1', '-1', '-1', '-1', '-1', '-1', '-1', '-1', '-1', '-1', '-1', '-1', '-1', '0', '-1')"
"('Other', 'than', 'the', 'crappy', 'service', 'from', 'two', 'individuals', ',', 'it', '""s""', 'great', '.')","('0', '0', '0', '0', '1', '0', '0', '0', '0', '0', '0', '0', '0')","('-1', '-1', '-1', '-1', '0', '-1', '-1', '-1', '-1', '-1', '-1', '-1', '-1')"
"('Their', 'tuna', 'tartar', 'appetizer', 'is', 'to', 'die', 'for', '.')","('0', '1', '2', '2', '0', '0', '0', '0', '0')","('-1', '2', '2', '2', '-1', '-1', '-1', '-1', '-1')"
"('Delivery', 'service', 'is', 'great', 'too', '.')","('1', '2', '0', '0', '0', '0')","('2', '2', '-1', '-1', '-1', '-1')"
"('Three', 'of', 'us', 'arrived', 'for', 'dinner', 'about', '5:30', 'on', 'a', 'week', 'night', 'without', 'reservations', '.')","('0', '0', '0', '0', '0', '1', '0', '0', '0', '0', '0', '0', '0', '1', '0')","('-1', '-1', '-1', '-1', '-1', '1', '-1', '-1', '-1', '-1', '-1', '-1', '-1', '-1', '-1')"
"('Fresh', ',', 'authentic', ',', 'french', 'cuisine', 'in', 'substantial', 'portions', '.')","('0', '0', '0', '0', '1', '2', '0', '0', '1', '0')","('-1', '-1', '-1', '-1', '-1', '-1', '-1', '-1', '2', '-1')"
"('would', 'have', 'rather', 'tried', 'terrace', 'in', 'the', 'sky', 'or', 'water', 'club', 'for', 'that', 'price')","('0', '0', '0', '0', '0', '0', '0', '0', '0', '0', '0', '0', '0', '1')","('-1', '-1', '-1', '-1', '-1', '-1', '-1', '-1', '-1', '-1', '-1', '-1', '-1', '0')"
"('Just', 'do', '""nt""', 'take', 'the', 'seat', 'between', 'the', 'bar', 'and', 'the', 'back', 'half', 'of', 'the', 'restaurant', ',', 'i', 'saw', 'a', 'woman', 'get', 'nudged', '40times', 'sitting', 'there', '.')","('0', '0', '0', '0', '0', '1', '0', '0', '1', '0', '0', '0', '0', '0', '0', '0', '0', '0', '0', '0', '0', '0', '0', '0', '0', '0', '0')","('-1', '-1', '-1', '-1', '-1', '-1', '-1', '-1', '1', '-1', '-1', '-1', '-1', '-1', '-1', '-1', '-1', '-1', '-1', '-1', '-1', '-1', '-1', '-1', '-1', '-1', '-1')"
"('My', 'husband', 'and', 'I', 'have', 'been', 'there', 'a', 'couple', 'of', 'times', 'and', 'each', 'time', 'we', 'sat', 'at', 'the', 'sushi', 'bar', '-LRB-', 'chef', 'Yoshi', '-RRB-', 'and', 'ordered', 'everything', 'ala', 'carte', '.')","('0', '0', '0', '0', '0', '0', '0', '0', '0', '0', '0', '0', '0', '0', '0', '0', '0', '0', '1', '2', '0', '1', '0', '0', '0', '0', '0', '1', '2', '0')","('-1', '-1', '-1', '-1', '-1', '-1', '-1', '-1', '-1', '-1', '-1', '-1', '-1', '-1', '-1', '-1', '-1', '-1', '-1', '-1', '-1', '-1', '-1', '-1', '-1', '-1', '-1', '1', '1', '-1')"
"('Service', 'was', 'devine', ',', 'oysters', 'where', 'a', 'sensual', 'as', 'they', 'come', ',', 'and', 'the', 'price', 'ca', '""nt""', 'be', 'beat', '!!!')","('1', '0', '0', '0', '1', '0', '0', '0', '0', '0', '0', '0', '0', '0', '1', '0', '0', '0', '0', '0')","('-1', '-1', '-1', '-1', '2', '-1', '-1', '-1', '-1', '-1', '-1', '-1', '-1', '-1', '-1', '-1', '-1', '-1', '-1', '-1')"
"('I', 'had', 'a', 'terrific', 'meal', ',', 'and', 'our', 'server', 'guided', 'us', 'toward', 'a', 'very', 'nice', 'wine', 'in', 'our', 'price', 'range', ',', 'instead', 'of', 'allowing', 'us', 'to', 'purchase', 'a', 'similarly', 'priced', 'wine', 'that', 'was', '""nt""', 'as', 'good', '.')","('0', '0', '0', '0', '1', '0', '0', '0', '1', '0', '0', '0', '0', '0', '0', '1', '0', '0', '1', '2', '0', '0', '0', '0', '0', '0', '0', '0', '0', '1', '1', '0', '0', '0', '0', '0', '0')","('-1', '-1', '-1', '-1', '-1', '-1', '-1', '-1', '-1', '-1', '-1', '-1', '-1', '-1', '-1', '-1', '-1', '-1', '2', '2', '-1', '-1', '-1', '-1', '-1', '-1', '-1', '-1', '-1', '-1', '-1', '-1', '-1', '-1', '-1', '-1', '-1')"
"('The', 'Waitstaff', 'were', 'very', 'nice', 'and', 'suggested', 'swordfish', 'for', 'my', 'husband', 'he', 'enjoyed', 'his', 'meal', '.')","('0', '1', '0', '0', '0', '0', '0', '1', '0', '0', '0', '0', '0', '0', '1', '0')","('-1', '2', '-1', '-1', '-1', '-1', '-1', '-1', '-1', '-1', '-1', '-1', '-1', '-1', '-1', '-1')"
"('The', 'ambience', 'was', 'so', 'fun', ',', 'and', 'the', 'prices', 'were', 'great', ',', 'on', 'top', 'of', 'the', 'fact', 'that', 'the', 'food', 'was', 'really', 'tasty', '.')","('0', '1', '0', '0', '0', '0', '0', '0', '1', '0', '0', '0', '0', '0', '0', '0', '0', '0', '0', '1', '0', '0', '0', '0')","('-1', '-1', '-1', '-1', '-1', '-1', '-1', '-1', '2', '-1', '-1', '-1', '-1', '-1', '-1', '-1', '-1', '-1', '-1', '-1', '-1', '-1', '-1', '-1')"
"('The', 'price', 'very', 'reasonable', '.')","('0', '1', '0', '0', '0')","('-1', '2', '-1', '-1', '-1')"
"('There', 'is', 'actually', 'space', 'to', 'breathe', 'and', 'the', 'decor', 'sets', 'the', 'tone', 'for', 'an', 'intimate', 'dinner', '.')","('0', '0', '0', '1', '0', '0', '0', '0', '1', '0', '0', '0', '0', '0', '0', '1', '0')","('-1', '-1', '-1', '2', '-1', '-1', '-1', '-1', '-1', '-1', '-1', '-1', '-1', '-1', '-1', '-1', '-1')"
"('The', 'dish', 'had', 'like', '6', 'pieces', 'of', 'beef', 'in', 'it', '.')","('0', '1', '0', '0', '0', '0', '0', '1', '0', '0', '0')","('-1', '-1', '-1', '-1', '-1', '-1', '-1', '1', '-1', '-1', '-1')"
"('Great', 'service', ',', 'great', 'food', '.')","('0', '1', '0', '0', '1', '0')","('-1', '2', '-1', '-1', '-1', '-1')"
"('The', 'decor', 'is', 'vibrant', 'and', 'eye-pleasing', 'with', 'several', 'semi-private', 'boths', 'on', 'the', 'right', 'side', 'of', 'the', 'dining', 'hall', ',', 'which', 'are', 'great', 'for', 'a', 'date', '.')","('0', '1', '0', '0', '0', '0', '0', '0', '1', '2', '0', '0', '0', '0', '0', '0', '1', '2', '0', '0', '0', '0', '0', '0', '0', '0')","('-1', '-1', '-1', '-1', '-1', '-1', '-1', '-1', '2', '2', '-1', '-1', '-1', '-1', '-1', '-1', '-1', '-1', '-1', '-1', '-1', '-1', '-1', '-1', '-1', '-1')"
"('The', 'first', '2', 'courses', 'were', 'very', 'good', ',', 'but', 'the', 'chocolate', 'sampler', 'was', 'too', 'rich', 'for', 'me', 'and', 'the', 'dessert', 'wine', 'far', 'too', 'sweet', '.')","('0', '0', '0', '1', '0', '0', '0', '0', '0', '0', '1', '2', '0', '0', '0', '0', '0', '0', '0', '1', '2', '0', '0', '0', '0')","('-1', '-1', '-1', '-1', '-1', '-1', '-1', '-1', '-1', '-1', '-1', '-1', '-1', '-1', '-1', '-1', '-1', '-1', '-1', '0', '0', '-1', '-1', '-1', '-1')"
"('The', 'menu', 'seemed', 'to', 'have', 'a', 'wide', 'variety', 'of', 'dishes', 'for', 'seafood', 'lovers', 'and', 'interesting', 'ways', 'of', 'preparing', 'them', '.')","('0', '1', '0', '0', '0', '0', '0', '1', '2', '2', '0', '1', '0', '0', '0', '0', '0', '0', '0', '0')","('-1', '2', '-1', '-1', '-1', '-1', '-1', '-1', '-1', '-1', '-1', '-1', '-1', '-1', '-1', '-1', '-1', '-1', '-1', '-1')"
"('The', 'steak', 'was', 'excellent', 'and', 'one', 'of', 'the', 'best', 'I', 'have', 'had', '-LRB-', 'I', 'tasted', 'the', 'butter', 'intitally', 'but', 'in', 'no', 'way', 'did', 'it', 'overwhelm', 'the', 'flavor', 'of', 'the', 'meat', '-RRB-', '.')","('0', '1', '0', '0', '0', '0', '0', '0', '0', '0', '0', '0', '0', '0', '0', '0', '1', '0', '0', '0', '0', '0', '0', '0', '0', '0', '1', '0', '0', '1', '0', '0')","('-1', '-1', '-1', '-1', '-1', '-1', '-1', '-1', '-1', '-1', '-1', '-1', '-1', '-1', '-1', '-1', '-1', '-1', '-1', '-1', '-1', '-1', '-1', '-1', '-1', '-1', '-1', '-1', '-1', '2', '-1', '-1')"
"('Compared', 'to', 'Ess-a', ',', 'Tal', 'offers', 'a', 'less', 'doughy', 'bagel', '!')","('0', '0', '0', '0', '0', '0', '0', '0', '0', '1', '0')","('-1', '-1', '-1', '-1', '-1', '-1', '-1', '-1', '-1', '0', '-1')"
"('Great', 'atmoshere', 'and', 'worth', 'every', 'bit', '.')","('0', '1', '0', '0', '0', '0', '0')","('-1', '2', '-1', '-1', '-1', '-1', '-1')"
"('IT', 'IS', 'WHAT', 'MODERN', 'CUISINE', 'IS', 'ALL', 'ABOUT', '.')","('0', '0', '0', '0', '1', '0', '0', '0', '0')","('-1', '-1', '-1', '-1', '2', '-1', '-1', '-1', '-1')"
"('I', 'would', 'highly', 'recommend', 'Nina', '""s""', 'to', 'anyone', 'who', 'wants', 'to', 'have', 'a', 'romantic', 'dinner', 'in', 'a', 'heart', 'warming', 'surrounding', 'filled', 'with', 'candles', 'and', 'family', 'pictures', '.')","('0', '0', '0', '0', '0', '0', '0', '0', '0', '0', '0', '0', '0', '0', '1', '0', '0', '0', '0', '1', '0', '0', '1', '0', '0', '1', '0')","('-1', '-1', '-1', '-1', '-1', '-1', '-1', '-1', '-1', '-1', '-1', '-1', '-1', '-1', '-1', '-1', '-1', '-1', '-1', '2', '-1', '-1', '-1', '-1', '-1', '-1', '-1')"
"('The', 'people', 'with', 'carts', 'of', 'food', 'do', '""nt""', 'understand', 'you', 'because', 'they', 'do', '""nt""', 'speak', 'English', ',', 'their', 'job', 'is', 'to', 'give', 'you', 'the', 'delicious', 'food', 'you', 'point', 'at', '.')","('0', '1', '2', '2', '2', '2', '0', '0', '0', '0', '0', '0', '0', '0', '0', '0', '0', '0', '0', '0', '0', '0', '0', '0', '0', '1', '0', '0', '0', '0')","('-1', '-1', '-1', '-1', '-1', '-1', '-1', '-1', '-1', '-1', '-1', '-1', '-1', '-1', '-1', '-1', '-1', '-1', '-1', '-1', '-1', '-1', '-1', '-1', '-1', '2', '-1', '-1', '-1', '-1')"
"('During', 'our', 'meal', ',', 'the', 'management', 'came', 'over', 'and', 'checked', 'on', 'us', 'and', 'even', 'bought', 'us', 'a', 'round', 'of', 'drinks', '.')","('0', '0', '1', '0', '0', '1', '0', '0', '0', '0', '0', '0', '0', '0', '0', '0', '0', '1', '2', '2', '0')","('-1', '-1', '-1', '-1', '-1', '2', '-1', '-1', '-1', '-1', '-1', '-1', '-1', '-1', '-1', '-1', '-1', '-1', '-1', '-1', '-1')"
"('The', 'menu', 'choices', 'are', 'similar', 'but', 'the', 'taste', 'lacked', 'more', 'flavor', 'than', 'it', 'looked', '.')","('0', '1', '2', '0', '0', '0', '0', '1', '0', '0', '1', '0', '0', '0', '0')","('-1', '-1', '-1', '-1', '-1', '-1', '-1', '-1', '-1', '-1', '0', '-1', '-1', '-1', '-1')"
"('I', 'wo', '""nt""', 'go', 'back', 'unless', 'someone', 'else', 'is', 'footing', 'the', 'bill', '.')","('0', '0', '0', '0', '0', '0', '0', '0', '0', '0', '0', '1', '0')","('-1', '-1', '-1', '-1', '-1', '-1', '-1', '-1', '-1', '-1', '-1', '0', '-1')"
"('I', 'have', 'eaten', 'at', 'Saul', ',', 'many', 'times', ',', 'the', 'food', 'is', 'always', 'consistently', ',', 'outrageously', 'good', '.')","('0', '0', '0', '0', '0', '0', '0', '0', '0', '0', '1', '0', '0', '0', '0', '0', '0', '0')","('-1', '-1', '-1', '-1', '-1', '-1', '-1', '-1', '-1', '-1', '2', '-1', '-1', '-1', '-1', '-1', '-1', '-1')"
"('No', 'free', 'drink', '.')","('0', '0', '1', '0')","('-1', '-1', '1', '-1')"
"('Ive', 'asked', 'a', 'cart', 'attendant', 'for', 'a', 'lotus', 'leaf', 'wrapped', 'rice', 'and', 'she', 'replied', 'back', 'rice', 'and', 'just', 'walked', 'away', '.')","('0', '0', '0', '1', '2', '0', '0', '1', '2', '2', '2', '0', '0', '0', '0', '1', '0', '0', '0', '0', '0')","('-1', '-1', '-1', '0', '0', '-1', '-1', '-1', '-1', '-1', '-1', '-1', '-1', '-1', '-1', '-1', '-1', '-1', '-1', '-1', '-1')"
"('We', 'even', 'had', 'a', 'visit', 'from', 'the', 'Manager', 'who', 'wanted', 'to', 'make', 'sure', 'we', 'were', 'enjoying', 'ourselves', '.')","('0', '0', '0', '0', '0', '0', '0', '1', '0', '0', '0', '0', '0', '0', '0', '0', '0', '0')","('-1', '-1', '-1', '-1', '-1', '-1', '-1', '2', '-1', '-1', '-1', '-1', '-1', '-1', '-1', '-1', '-1', '-1')"
"('we', 'were', 'tired', 'and', 'cold', 'when', 'we', 'got', 'to', 'the', 'restaurant', ',', 'then', 'we', 'sat', 'down', 'to', 'begin', 'ordering', 'appetizers', '.')","('0', '0', '0', '0', '0', '0', '0', '0', '0', '0', '0', '0', '0', '0', '0', '0', '0', '0', '0', '1', '0')","('-1', '-1', '-1', '-1', '-1', '-1', '-1', '-1', '-1', '-1', '-1', '-1', '-1', '-1', '-1', '-1', '-1', '-1', '-1', '1', '-1')"
"('Overall', ',', 'the', 'ingredients', 'and', 'technique', 'are', 'there', 'and', 'I', 'am', 'encouraged', 'enough', 'to', 'return', 'at', 'lunch', 'or', 'dinner', 'to', 'see', 'whether', 'the', 'boldness', 'of', 'the', 'flavour', 'palette', 'improves', '.')","('0', '0', '0', '1', '0', '1', '0', '0', '0', '0', '0', '0', '0', '0', '0', '0', '1', '0', '1', '0', '0', '0', '0', '0', '0', '0', '0', '0', '0', '0')","('-1', '-1', '-1', '-1', '-1', '-1', '-1', '-1', '-1', '-1', '-1', '-1', '-1', '-1', '-1', '-1', '-1', '-1', '1', '-1', '-1', '-1', '-1', '-1', '-1', '-1', '-1', '-1', '-1', '-1')"
"('When', 'I', 'saw', 'that', 'their', 'website', 'had', 'a', 'link', 'to', 'da', 'Ciro', 'in', 'Napoli', ',', 'I', 'knew', 'there', 'was', 'going', 'to', 'be', 'good', 'pizza', '!')","('0', '0', '0', '0', '0', '0', '0', '0', '0', '0', '0', '0', '0', '0', '0', '0', '0', '0', '0', '0', '0', '0', '0', '1', '0')","('-1', '-1', '-1', '-1', '-1', '-1', '-1', '-1', '-1', '-1', '-1', '-1', '-1', '-1', '-1', '-1', '-1', '-1', '-1', '-1', '-1', '-1', '-1', '2', '-1')"
"('As', 'we', 'were', 'sitting', 'eating', 'the', 'subpar', 'food', 'the', 'manager', 'proceeded', 'to', 'berate', 'a', 'couple', 'of', 'his', 'employees', 'for', 'putting', 'out', 'the', 'wrong', 'containers', 'for', 'condiments', 'and', 'explained', 'to', 'them', 'how', 'expensive', 'these', 'containers', 'were', '.')","('0', '0', '0', '0', '0', '0', '0', '1', '0', '1', '0', '0', '0', '0', '0', '0', '0', '1', '0', '0', '0', '0', '0', '1', '2', '2', '0', '0', '0', '0', '0', '0', '0', '1', '0', '0')","('-1', '-1', '-1', '-1', '-1', '-1', '-1', '-1', '-1', '-1', '-1', '-1', '-1', '-1', '-1', '-1', '-1', '-1', '-1', '-1', '-1', '-1', '-1', '-1', '-1', '-1', '-1', '-1', '-1', '-1', '-1', '-1', '-1', '1', '-1', '-1')"
"('The', 'service', 'was', 'excellent', ',', 'the', 'food', 'was', 'excellent', ',', 'but', 'the', 'entire', 'experience', 'was', 'very', 'cool', '.')","('0', '1', '0', '0', '0', '0', '1', '0', '0', '0', '0', '0', '0', '0', '0', '0', '0', '0')","('-1', '2', '-1', '-1', '-1', '-1', '-1', '-1', '-1', '-1', '-1', '-1', '-1', '-1', '-1', '-1', '-1', '-1')"
"('It', '""s""', 'also', 'attached', 'to', 'Angel', '""s""', 'Share', ',', 'which', 'is', 'a', 'cool', ',', 'more', 'romantic', 'bar', '...')","('0', '0', '0', '0', '0', '0', '0', '0', '0', '0', '0', '0', '0', '0', '0', '0', '1', '0')","('-1', '-1', '-1', '-1', '-1', '-1', '-1', '-1', '-1', '-1', '-1', '-1', '-1', '-1', '-1', '-1', '2', '-1')"
"('I', 'recommend', 'the', 'jelly', 'fish', ',', 'drunken', 'chicken', 'and', 'the', 'soupy', 'dumplings', ',', 'certainly', 'the', 'stir', 'fry', 'blue', 'crab', '.')","('0', '0', '0', '1', '2', '0', '1', '2', '0', '0', '1', '2', '0', '0', '0', '1', '2', '2', '2', '0')","('-1', '-1', '-1', '-1', '-1', '-1', '2', '2', '-1', '-1', '-1', '-1', '-1', '-1', '-1', '-1', '-1', '-1', '-1', '-1')"
"('delicious', 'simple', 'food', 'in', 'nice', 'outdoor', 'atmosphere', '.')","('0', '0', '1', '0', '0', '0', '1', '0')","('-1', '-1', '-1', '-1', '-1', '-1', '2', '-1')"
"('The', 'service', 'is', 'awful', '--', 'the', 'last', 'time', 'I', 'was', 'there', '-LRB-', 'and', 'I', 'do', 'mean', 'the', 'last', 'time', '-RRB-', 'we', 'were', 'told', 'that', 'they', 'needed', 'our', 'table', 'so', 'we', 'would', 'have', 'to', 'leave', '.')","('0', '1', '0', '0', '0', '0', '0', '0', '0', '0', '0', '0', '0', '0', '0', '0', '0', '0', '0', '0', '0', '0', '0', '0', '0', '0', '0', '1', '0', '0', '0', '0', '0', '0', '0')","('-1', '0', '-1', '-1', '-1', '-1', '-1', '-1', '-1', '-1', '-1', '-1', '-1', '-1', '-1', '-1', '-1', '-1', '-1', '-1', '-1', '-1', '-1', '-1', '-1', '-1', '-1', '-1', '-1', '-1', '-1', '-1', '-1', '-1', '-1')"
"('And', 'the', 'staff', 'is', 'also', 'young', ',', 'energeic', 'and', 'hot', '!!!!')","('0', '0', '1', '0', '0', '0', '0', '0', '0', '0', '0')","('-1', '-1', '2', '-1', '-1', '-1', '-1', '-1', '-1', '-1', '-1')"
"('Spreads', 'and', 'toppings', 'are', 'great', '-', 'though', 'a', 'bit', 'pricey', '.')","('1', '0', '1', '0', '0', '0', '0', '0', '0', '0', '0')","('-1', '-1', '2', '-1', '-1', '-1', '-1', '-1', '-1', '-1', '-1')"
"('But', 'when', 'you', 'are', 'seated', 'the', 'waitresses', 'are', 'great', ',', 'they', 'explain', 'everything', 'on', 'the', 'menu', ',', 'and', 'the', 'price', 'of', 'the', 'food', 'is', 'really', 'cheap', 'for', 'the', 'service', 'you', 'get', '.')","('0', '0', '0', '0', '0', '0', '1', '0', '0', '0', '0', '0', '0', '0', '0', '1', '0', '0', '0', '1', '0', '0', '1', '0', '0', '0', '0', '0', '1', '0', '0', '0')","('-1', '-1', '-1', '-1', '-1', '-1', '-1', '-1', '-1', '-1', '-1', '-1', '-1', '-1', '-1', '-1', '-1', '-1', '-1', '2', '-1', '-1', '-1', '-1', '-1', '-1', '-1', '-1', '-1', '-1', '-1', '-1')"
"('Their', 'sake', 'martini', 'is', 'wonderful', '.')","('0', '1', '2', '0', '0', '0')","('-1', '2', '2', '-1', '-1', '-1')"
"('The', 'first', 'time', 'I', 'went', ',', 'and', 'was', 'completely', 'taken', 'by', 'the', 'live', 'jazz', 'band', 'and', 'atmosphere', ',', 'I', 'ordered', 'the', 'Lobster', 'Cobb', 'Salad', '.')","('0', '0', '0', '0', '0', '0', '0', '0', '0', '0', '0', '0', '1', '2', '2', '0', '1', '0', '0', '0', '0', '1', '2', '2', '0')","('-1', '-1', '-1', '-1', '-1', '-1', '-1', '-1', '-1', '-1', '-1', '-1', '-1', '-1', '-1', '-1', '2', '-1', '-1', '-1', '-1', '-1', '-1', '-1', '-1')"
"('Very', 'popular', 'style', 'Izakaya', '-LRB-', 'Sake', 'and', 'small', 'portion', 'of', 'sake-friendly', 'dishes', '-RRB-', '.')","('0', '0', '0', '0', '0', '1', '0', '0', '1', '0', '0', '1', '0', '0')","('-1', '-1', '-1', '-1', '-1', '-1', '-1', '-1', '-1', '-1', '-1', '2', '-1', '-1')"
"('great', 'eats', ',', 'good', 'times', '.')","('0', '1', '0', '0', '0', '0')","('-1', '2', '-1', '-1', '-1', '-1')"
"('I', 'stumbled', 'upon', 'this', 'second', 'floor', 'walk-up', 'two', 'Fridays', 'ago', 'when', 'I', 'was', 'with', 'two', 'friends', 'in', 'town', 'from', 'L.A.', 'Being', 'serious', 'sushi', 'lovers', ',', 'we', 'sat', 'at', 'the', 'sushi', 'bar', 'to', 'be', 'closer', 'to', 'the', 'action', '.')","('0', '0', '0', '0', '0', '0', '0', '0', '0', '0', '0', '0', '0', '0', '0', '0', '0', '0', '0', '0', '0', '0', '1', '0', '0', '0', '0', '0', '0', '1', '2', '0', '0', '0', '0', '0', '0', '0')","('-1', '-1', '-1', '-1', '-1', '-1', '-1', '-1', '-1', '-1', '-1', '-1', '-1', '-1', '-1', '-1', '-1', '-1', '-1', '-1', '-1', '-1', '-1', '-1', '-1', '-1', '-1', '-1', '-1', '1', '1', '-1', '-1', '-1', '-1', '-1', '-1', '-1')"
"('Besides', 'having', 'the', 'table', 'we', 'had', 'been', 'promised', 'given', 'to', 'other', 'restaurant', 'patrons', 'twice', 'before', 'we', 'were', 'actually', 'seated', ',', 'we', 'were', 'served', 'dishes', 'we', 'had', '""nt""', 'ordered', 'three', 'times', ',', 'received', 'one', 'of', 'our', 'orders', '20', 'minutes', 'after', 'the', 'rest', 'of', 'the', 'table', 'had', 'been', 'served', '-LRB-', 'and', 'that', 'order', 'was', 'undercooked', '-RRB-', ',', 'and', 'charged', '$', '45', 'more', 'than', 'we', 'should', 'have', 'been', 'on', 'our', 'bill', '.')","('0', '0', '0', '1', '0', '0', '0', '0', '0', '0', '0', '0', '0', '0', '0', '0', '0', '0', '0', '0', '0', '0', '1', '1', '0', '0', '0', '0', '0', '0', '0', '0', '0', '0', '0', '0', '0', '0', '0', '0', '0', '0', '0', '1', '0', '0', '1', '0', '0', '0', '0', '0', '0', '0', '0', '0', '0', '0', '0', '0', '0', '0', '0', '0', '0', '0', '0', '1', '0')","('-1', '-1', '-1', '-1', '-1', '-1', '-1', '-1', '-1', '-1', '-1', '-1', '-1', '-1', '-1', '-1', '-1', '-1', '-1', '-1', '-1', '-1', '-1', '-1', '-1', '-1', '-1', '-1', '-1', '-1', '-1', '-1', '-1', '-1', '-1', '-1', '-1', '-1', '-1', '-1', '-1', '-1', '-1', '0', '-1', '-1', '-1', '-1', '-1', '-1', '-1', '-1', '-1', '-1', '-1', '-1', '-1', '-1', '-1', '-1', '-1', '-1', '-1', '-1', '-1', '-1', '-1', '-1', '-1')"
"('The', 'grilled', 'cheese', 'at', 'home', 'afterwards', 'was', 'better', '.', '!!')","('0', '1', '2', '0', '0', '0', '0', '0', '0', '0')","('-1', '2', '2', '-1', '-1', '-1', '-1', '-1', '-1', '-1')"
"('The', 'appetizers', 'are', 'just', 'OK', 'and', 'the', 'main', 'courses', 'were', 'decidedly', 'subpar', '.')","('0', '1', '0', '0', '0', '0', '0', '1', '2', '0', '0', '0', '0')","('-1', '1', '-1', '-1', '-1', '-1', '-1', '-1', '-1', '-1', '-1', '-1', '-1')"
"('When', 'he', 'finally', 'did', ',', 'he', 'was', 'unable', 'to', 'make', 'a', 'gin', 'and', 'tonic', '--', 'could', '""nt""', 'find', 'tonic', '.')","('0', '0', '0', '0', '0', '0', '0', '0', '0', '0', '0', '1', '2', '2', '0', '0', '0', '0', '1', '0')","('-1', '-1', '-1', '-1', '-1', '-1', '-1', '-1', '-1', '-1', '-1', '-1', '-1', '-1', '-1', '-1', '-1', '-1', '1', '-1')"
"('The', 'menu', 'was', 'impressive', 'with', 'selections', 'ranging', 'from', 'a', 'burger', ',', 'to', 'steak', ',', 'to', 'escargot', '.')","('0', '1', '0', '0', '0', '0', '0', '0', '0', '1', '0', '0', '1', '0', '0', '1', '0')","('-1', '2', '-1', '-1', '-1', '-1', '-1', '-1', '-1', '-1', '-1', '-1', '-1', '-1', '-1', '-1', '-1')"
"('Good', 'bagels', 'and', 'good', 'cream', 'cheese', '.')","('0', '1', '0', '0', '1', '2', '0')","('-1', '-1', '-1', '-1', '2', '2', '-1')"
"('They', 'had', 'scrapped', 'the', 'bottom', 'of', 'the', 'vessel', 'in', 'which', 'they', 'make', 'the', 'rice', '-', 'RESULT', '-', 'WE', 'HAD', 'LARGE', 'CHUNKS', 'OF', 'BURNT', 'RICE', 'IN', 'OUR', 'SERVING', 'BOWL', '.')","('0', '0', '0', '0', '0', '0', '0', '0', '0', '0', '0', '0', '0', '1', '0', '0', '0', '0', '0', '0', '0', '0', '0', '1', '0', '0', '0', '0', '0')","('-1', '-1', '-1', '-1', '-1', '-1', '-1', '-1', '-1', '-1', '-1', '-1', '-1', '0', '-1', '-1', '-1', '-1', '-1', '-1', '-1', '-1', '-1', '-1', '-1', '-1', '-1', '-1', '-1')"
"('The', 'food', 'inludes', 'famous', 'scrumptious', 'bombay', 'style', 'chaat', 'such', 'as', 'bhelpuri', ',', 'sevpuri', 'and', 'samosa', 'chaats', ',', 'as', 'well', 'as', 'other', 'great', 'indian', 'appetizers', '.')","('0', '1', '0', '0', '0', '1', '2', '2', '0', '0', '1', '0', '1', '0', '1', '2', '0', '0', '0', '0', '0', '0', '1', '2', '0')","('-1', '-1', '-1', '-1', '-1', '-1', '-1', '-1', '-1', '-1', '-1', '-1', '-1', '-1', '-1', '-1', '-1', '-1', '-1', '-1', '-1', '-1', '2', '2', '-1')"
"('The', 'food', 'is', 'a', 'diamond', 'in', 'rough', '--', 'the', 'food', 'is', 'delicious', 'and', 'homemade', 'with', 'the', 'perfect', 'balance', 'of', 'herbs', 'and', 'tomatoes', '.')","('0', '1', '0', '0', '0', '0', '0', '0', '0', '1', '0', '0', '0', '0', '0', '0', '0', '0', '0', '1', '0', '1', '0')","('-1', '-1', '-1', '-1', '-1', '-1', '-1', '-1', '-1', '2', '-1', '-1', '-1', '-1', '-1', '-1', '-1', '-1', '-1', '-1', '-1', '-1', '-1')"
"('They', 'smell', 'like', 'they', 'stuff', 'them', 'with', 'old', 'canned', 'vegetables', 'like', 'the', 'spinach', 'mushroom', 'calzone', '.')","('0', '0', '0', '0', '0', '0', '0', '0', '1', '2', '0', '0', '1', '2', '2', '0')","('-1', '-1', '-1', '-1', '-1', '-1', '-1', '-1', '0', '0', '-1', '-1', '-1', '-1', '-1', '-1')"
"('An', 'oasis', 'of', 'refinement', ':', 'Food', ',', 'though', 'somewhat', 'uneven', ',', 'often', 'reaches', 'the', 'pinnacles', 'of', 'new', 'American', 'fine', 'cuisine', '-', 'chef', '""s""', 'passion', '-LRB-', 'and', 'kitchen', '""s""', 'precise', 'execution', '-RRB-', 'is', 'most', 'evident', 'in', 'the', 'fish', 'dishes', 'and', 'soups', '.')","('0', '0', '0', '0', '0', '0', '0', '0', '0', '0', '0', '0', '0', '0', '0', '0', '0', '0', '0', '1', '0', '1', '0', '0', '0', '0', '1', '0', '0', '0', '0', '0', '0', '0', '0', '0', '1', '2', '0', '1', '0')","('-1', '-1', '-1', '-1', '-1', '-1', '-1', '-1', '-1', '-1', '-1', '-1', '-1', '-1', '-1', '-1', '-1', '-1', '-1', '2', '-1', '-1', '-1', '-1', '-1', '-1', '-1', '-1', '-1', '-1', '-1', '-1', '-1', '-1', '-1', '-1', '-1', '-1', '-1', '-1', '-1')"
"('Their', 'eggplant', 'is', 'so', 'delicate', ',', 'sweet', 'tender', '!')","('0', '1', '0', '0', '0', '0', '0', '0', '0')","('-1', '2', '-1', '-1', '-1', '-1', '-1', '-1', '-1')"
"('Nothing', 'fancy', 'but', 'really', 'good', 'food', 'with', 'pretty', 'reasonable', 'price', '.')","('0', '0', '0', '0', '0', '1', '0', '0', '0', '1', '0')","('-1', '-1', '-1', '-1', '-1', '2', '-1', '-1', '-1', '-1', '-1')"
"('it', '""s""', 'the', 'only', 'place', 'you', 'can', 'get', 'yummy', 'authentic', 'japanese', 'comfort', 'food', '.')","('0', '0', '0', '0', '0', '0', '0', '0', '0', '0', '1', '2', '2', '0')","('-1', '-1', '-1', '-1', '-1', '-1', '-1', '-1', '-1', '-1', '2', '2', '2', '-1')"
"('After', 'really', 'enjoying', 'ourselves', 'at', 'the', 'bar', 'we', 'sat', 'down', 'at', 'a', 'table', 'and', 'had', 'dinner', '.')","('0', '0', '0', '0', '0', '0', '1', '0', '0', '0', '0', '0', '1', '0', '0', '1', '0')","('-1', '-1', '-1', '-1', '-1', '-1', '-1', '-1', '-1', '-1', '-1', '-1', '1', '-1', '-1', '-1', '-1')"
"('The', 'food', 'was', 'average', 'or', 'above', 'including', 'some', 'surprising', 'tasty', 'dishes', '.')","('0', '1', '0', '0', '0', '0', '0', '0', '0', '0', '1', '0')","('-1', '2', '-1', '-1', '-1', '-1', '-1', '-1', '-1', '-1', '-1', '-1')"
"('The', 'environment', 'is', 'romantic', ',', 'but', 'the', 'food', 'is', 'horrible', ',', 'the', 'service', 'is', 'pathetic', ',', 'and', 'gabriella', 'lies', 'about', 'everything', 'she', 'could', '.')","('0', '1', '0', '0', '0', '0', '0', '1', '0', '0', '0', '0', '1', '0', '0', '0', '0', '0', '0', '0', '0', '0', '0', '0')","('-1', '-1', '-1', '-1', '-1', '-1', '-1', '0', '-1', '-1', '-1', '-1', '-1', '-1', '-1', '-1', '-1', '-1', '-1', '-1', '-1', '-1', '-1', '-1')"
"('As', 'soon', 'as', 'my', 'father', 'lifted', 'his', 'pen', 'from', 'the', 'check', 'a', 'chef', 'appeared', 'to', 'usher', 'us', 'out', '.')","('0', '0', '0', '0', '0', '0', '0', '0', '0', '0', '1', '0', '1', '0', '0', '0', '0', '0', '0')","('-1', '-1', '-1', '-1', '-1', '-1', '-1', '-1', '-1', '-1', '-1', '-1', '0', '-1', '-1', '-1', '-1', '-1', '-1')"
"('They', 'did', 'not', 'have', 'mayonnaise', ',', 'forgot', 'our', 'toast', ',', 'left', 'out', 'ingredients', '-LRB-', 'ie', 'cheese', 'in', 'an', 'omelet', '-RRB-', ',', 'below', 'hot', 'temperatures', 'and', 'the', 'bacon', 'was', 'so', 'over', 'cooked', 'it', 'crumbled', 'on', 'the', 'plate', 'when', 'you', 'touched', 'it', '.')","('0', '0', '0', '0', '1', '0', '0', '0', '1', '0', '0', '0', '1', '0', '0', '1', '0', '0', '1', '0', '0', '0', '0', '0', '0', '0', '1', '0', '0', '0', '0', '0', '0', '0', '0', '1', '0', '0', '0', '0', '0')","('-1', '-1', '-1', '-1', '-1', '-1', '-1', '-1', '-1', '-1', '-1', '-1', '-1', '-1', '-1', '1', '-1', '-1', '-1', '-1', '-1', '-1', '-1', '-1', '-1', '-1', '-1', '-1', '-1', '-1', '-1', '-1', '-1', '-1', '-1', '-1', '-1', '-1', '-1', '-1', '-1')"
"('We', 'are', 'very', 'particular', 'about', 'sushi', 'and', 'were', 'both', 'please', 'with', 'every', 'choice', 'which', 'included', ':', 'ceviche', 'mix', '-LRB-', 'special', '-RRB-', ',', 'crab', 'dumplings', ',', 'assorted', 'sashimi', ',', 'sushi', 'and', 'rolls', ',', 'two', 'types', 'of', 'sake', ',', 'and', 'the', 'banana', 'tempura', '.')","('0', '0', '0', '0', '0', '1', '0', '0', '0', '0', '0', '0', '0', '0', '0', '0', '1', '2', '2', '2', '2', '0', '1', '2', '0', '1', '2', '0', '1', '0', '1', '0', '0', '0', '0', '1', '0', '0', '0', '1', '2', '0')","('-1', '-1', '-1', '-1', '-1', '-1', '-1', '-1', '-1', '-1', '-1', '-1', '-1', '-1', '-1', '-1', '2', '2', '2', '2', '2', '-1', '-1', '-1', '-1', '-1', '-1', '-1', '-1', '-1', '-1', '-1', '-1', '-1', '-1', '-1', '-1', '-1', '-1', '-1', '-1', '-1')"
"('Nice', 'ambiance', ',', 'nice', 'little', 'bar', ',', 'good', 'bartender', ',', 'Francois', ',', 'and', 'good', 'service', '.')","('0', '1', '0', '0', '0', '1', '0', '0', '1', '0', '0', '0', '0', '0', '1', '0')","('-1', '-1', '-1', '-1', '-1', '2', '-1', '-1', '-1', '-1', '-1', '-1', '-1', '-1', '-1', '-1')"
"('The', 'food', 'is', 'authentic', 'Italian', '-', 'delicious', '!')","('0', '1', '0', '0', '0', '0', '0', '0')","('-1', '2', '-1', '-1', '-1', '-1', '-1', '-1')"
"('we', 'did', 'notice', 'however', ',', 'that', 'some', 'tables', 'had', 'what', 'looked', 'like', 'pita', 'instead', 'of', 'naan', '.')","('0', '0', '0', '0', '0', '0', '0', '0', '0', '0', '0', '0', '1', '0', '0', '1', '0')","('-1', '-1', '-1', '-1', '-1', '-1', '-1', '-1', '-1', '-1', '-1', '-1', '0', '-1', '-1', '-1', '-1')"
"('Spice', 'is', 'sleek', ',', 'modern', 'and', 'cool', 'with', 'a', 'menu', 'that', 'will', 'not', 'hurt', 'your', 'wallet', '.')","('0', '0', '0', '0', '0', '0', '0', '0', '0', '1', '0', '0', '0', '0', '0', '0', '0')","('-1', '-1', '-1', '-1', '-1', '-1', '-1', '-1', '-1', '2', '-1', '-1', '-1', '-1', '-1', '-1', '-1')"
"('I', 'would', '""nt""', 'even', 'have', 'complained', 'at', 'all', 'if', 'the', 'food', 'at', 'least', 'tasted', 'good', 'but', 'the', 'quality', 'of', 'food', 'was', 'crappy', ',', 'too', '.')","('0', '0', '0', '0', '0', '0', '0', '0', '0', '0', '1', '0', '0', '0', '0', '0', '0', '1', '2', '2', '0', '0', '0', '0', '0')","('-1', '-1', '-1', '-1', '-1', '-1', '-1', '-1', '-1', '-1', '0', '-1', '-1', '-1', '-1', '-1', '-1', '-1', '-1', '-1', '-1', '-1', '-1', '-1', '-1')"
"('The', '""""', 'kamasutra', '""""', 'and', '`', 'bombay', 'cosmopolitan', '""""', 'are', 'excellent', 'and', 'will', 'have', 'you', 'tipsy', 'in', 'no', 'time', '.')","('0', '0', '1', '0', '0', '0', '1', '2', '0', '0', '0', '0', '0', '0', '0', '0', '0', '0', '0', '0')","('-1', '-1', '2', '-1', '-1', '-1', '-1', '-1', '-1', '-1', '-1', '-1', '-1', '-1', '-1', '-1', '-1', '-1', '-1', '-1')"
"('Price', 'no', 'more', 'than', 'a', 'Jersey', 'deli', 'but', 'way', 'better', '.')","('1', '0', '0', '0', '0', '0', '0', '0', '0', '0', '0')","('2', '-1', '-1', '-1', '-1', '-1', '-1', '-1', '-1', '-1', '-1')"
"('If', 'I', 'could', 'rate', 'the', 'people', 'this', 'place', 'would', 'be', 'off', 'the', 'charts', '-', 'unfortunately', '-', 'the', 'pizza', ',', 'sorry', '-', 'not', 'the', 'best', 'in', 'NYC', '.')","('0', '0', '0', '0', '0', '1', '0', '0', '0', '0', '0', '0', '0', '0', '0', '0', '0', '1', '0', '0', '0', '0', '0', '0', '0', '0', '0')","('-1', '-1', '-1', '-1', '-1', '2', '-1', '-1', '-1', '-1', '-1', '-1', '-1', '-1', '-1', '-1', '-1', '-1', '-1', '-1', '-1', '-1', '-1', '-1', '-1', '-1', '-1')"
"('Even', 'the', 'pasta', 'is', 'delicious', 'here', '-LRB-', 'a', 'rarity', 'in', 'New', 'York', 'pizza', 'restaurants', '-RRB-', '.')","('0', '0', '1', '0', '0', '0', '0', '0', '0', '0', '0', '0', '0', '0', '0', '0')","('-1', '-1', '2', '-1', '-1', '-1', '-1', '-1', '-1', '-1', '-1', '-1', '-1', '-1', '-1', '-1')"
"('If', 'you', 'are', 'in', 'a', 'big', 'group', ',', 'this', 'place', 'is', 'perfect', 'because', 'it', 'recomends', 'sharing', '-', 'they', 'have', 'lazy', 'susans', 'on', 'most', 'tables', '-', 'even', 'families', 'can', 'feel', 'comfortable', 'here', '.')","('0', '0', '0', '0', '0', '0', '0', '0', '0', '0', '0', '0', '0', '0', '0', '0', '0', '0', '0', '1', '2', '0', '0', '1', '0', '0', '0', '0', '0', '0', '0', '0')","('-1', '-1', '-1', '-1', '-1', '-1', '-1', '-1', '-1', '-1', '-1', '-1', '-1', '-1', '-1', '-1', '-1', '-1', '-1', '2', '2', '-1', '-1', '-1', '-1', '-1', '-1', '-1', '-1', '-1', '-1', '-1')"
"('The', 'food', 'is', 'consistently', 'wonderful', '-', 'I', '""ve""', 'been', 'coming', 'here', 'for', 'years', ',', 'and', 'the', 'owner', 'has', 'always', 'been', 'accomodating', 'and', 'friendly', '.')","('0', '1', '0', '0', '0', '0', '0', '0', '0', '0', '0', '0', '0', '0', '0', '0', '1', '0', '0', '0', '0', '0', '0', '0')","('-1', '-1', '-1', '-1', '-1', '-1', '-1', '-1', '-1', '-1', '-1', '-1', '-1', '-1', '-1', '-1', '2', '-1', '-1', '-1', '-1', '-1', '-1', '-1')"
"('They', 'did', '""nt""', 'give', 'us', 'the', 'dinner', 'special', 'until', 'we', 'asked', 'for', 'it', '.')","('0', '0', '0', '0', '0', '0', '1', '2', '0', '0', '0', '0', '0', '0')","('-1', '-1', '-1', '-1', '-1', '-1', '0', '0', '-1', '-1', '-1', '-1', '-1', '-1')"
"('The', 'food', 'was', 'amazing', ',', 'and', 'the', 'service', 'was', 'prompt', 'and', 'helpful', ',', 'but', 'not', 'over-bearing', 'or', 'rushed', '.')","('0', '1', '0', '0', '0', '0', '0', '1', '0', '0', '0', '0', '0', '0', '0', '0', '0', '0', '0')","('-1', '2', '-1', '-1', '-1', '-1', '-1', '-1', '-1', '-1', '-1', '-1', '-1', '-1', '-1', '-1', '-1', '-1', '-1')"
"('I', 'have', 'enjoyed', 'everything', 'I', 'have', 'ever', 'gotten', 'and', 'the', 'fish', 'is', 'so', 'fresh', 'and', 'always', 'prepared', 'in', 'a', 'great', 'way', '.')","('0', '0', '0', '0', '0', '0', '0', '0', '0', '0', '1', '0', '0', '0', '0', '0', '0', '0', '0', '0', '0', '0')","('-1', '-1', '-1', '-1', '-1', '-1', '-1', '-1', '-1', '-1', '2', '-1', '-1', '-1', '-1', '-1', '-1', '-1', '-1', '-1', '-1', '-1')"
"('I', 'must', 'warn', 'the', 'reader', 'that', 'the', 'portions', 'sizes', 'are', 'very', 'small', '-LRB-', 'especially', 'the', 'appetizers', '-RRB-', ',', 'so', 'if', 'you', 'plan', 'to', 'eat', 'until', 'you', 'are', 'full', 'and', 'do', 'not', 'intend', 'to', 'order', 'the', 'chef', '""s""', 'special', 'tasting', 'menu', ',', 'prepare', 'to', 'order', 'and', 'pay', 'for', 'an', 'appetizer', '-LRB-', '1', 'dish', 'for', 'each', 'person', 'because', 'the', 'portions', 'are', 'not', 'for', 'sharing', '-RRB-', ',', 'a', 'main', 'entree', ',', 'and', 'the', 'cold', 'udon', 'at', 'the', 'end', 'of', 'the', 'meal', '.')","('0', '0', '0', '0', '0', '0', '0', '1', '0', '0', '0', '0', '0', '0', '0', '1', '0', '0', '0', '0', '0', '0', '0', '0', '0', '0', '0', '0', '0', '0', '0', '0', '0', '0', '0', '1', '0', '0', '0', '1', '0', '0', '0', '0', '0', '0', '0', '0', '1', '0', '0', '1', '0', '0', '0', '0', '0', '1', '0', '0', '0', '0', '0', '0', '0', '1', '2', '0', '0', '0', '1', '2', '0', '0', '0', '0', '0', '0', '0')","('-1', '-1', '-1', '-1', '-1', '-1', '-1', '-1', '-1', '-1', '-1', '-1', '-1', '-1', '-1', '0', '-1', '-1', '-1', '-1', '-1', '-1', '-1', '-1', '-1', '-1', '-1', '-1', '-1', '-1', '-1', '-1', '-1', '-1', '-1', '-1', '-1', '-1', '-1', '-1', '-1', '-1', '-1', '-1', '-1', '-1', '-1', '-1', '-1', '-1', '-1', '-1', '-1', '-1', '-1', '-1', '-1', '-1', '-1', '-1', '-1', '-1', '-1', '-1', '-1', '-1', '-1', '-1', '-1', '-1', '-1', '-1', '-1', '-1', '-1', '-1', '-1', '-1', '-1')"
"('Always', 'popular', ',', 'always', 'full', ',', 'always', 'a', 'wait', '.')","('0', '0', '0', '0', '0', '0', '0', '0', '1', '0')","('-1', '-1', '-1', '-1', '-1', '-1', '-1', '-1', '0', '-1')"
"('Great', 'food', ',', 'great', 'decor', ',', 'great', 'service', '.')","('0', '1', '0', '0', '1', '0', '0', '1', '0')","('-1', '2', '-1', '-1', '-1', '-1', '-1', '-1', '-1')"
"('A', 'large', 'is', '$', '20', ',', 'and', 'toppings', 'are', 'about', '$', '3', 'each', '.')","('0', '0', '0', '0', '0', '0', '0', '1', '0', '0', '0', '0', '0', '0')","('-1', '-1', '-1', '-1', '-1', '-1', '-1', '1', '-1', '-1', '-1', '-1', '-1', '-1')"
"('I', 'had', 'the', 'tuna', 'tartare', 'with', 'sake', ',', 'mushroom', 'ravioli', 'with', 'pinot', 'noir', ',', 'and', 'the', 'chocolate', 'sampler', 'with', 'a', 'dessert', 'wine', 'for', '$', '49', '.')","('0', '0', '0', '1', '2', '0', '1', '0', '1', '2', '0', '1', '2', '0', '0', '0', '1', '2', '0', '0', '1', '2', '0', '0', '0', '0')","('-1', '-1', '-1', '-1', '-1', '-1', '-1', '-1', '-1', '-1', '-1', '-1', '-1', '-1', '-1', '-1', '2', '2', '-1', '-1', '-1', '-1', '-1', '-1', '-1', '-1')"
"('Pizza', '-', 'the', 'only', 'pizza', 'in', 'NYC', 'that', 'should', 'not', 'have', 'additional', 'toppings', '-', 'the', 'crust', 'tastes', 'like', 'the', 'best', ',', 'freshly', 'baked', 'bread', '!')","('1', '0', '0', '0', '1', '0', '0', '0', '0', '0', '0', '0', '1', '0', '0', '1', '0', '0', '0', '0', '0', '0', '0', '1', '0')","('-1', '-1', '-1', '-1', '-1', '-1', '-1', '-1', '-1', '-1', '-1', '-1', '1', '-1', '-1', '-1', '-1', '-1', '-1', '-1', '-1', '-1', '-1', '-1', '-1')"
"('During', 'the', 'course', 'of', 'the', 'past', '3', 'months', ',', 'the', 'chef', 'and', 'staff', 'changed', 'and', 'it', 'was', 'not', 'for', 'the', 'better', '.')","('0', '0', '0', '0', '0', '0', '0', '0', '0', '0', '1', '0', '1', '0', '0', '0', '0', '0', '0', '0', '0', '0')","('-1', '-1', '-1', '-1', '-1', '-1', '-1', '-1', '-1', '-1', '-1', '-1', '0', '-1', '-1', '-1', '-1', '-1', '-1', '-1', '-1', '-1')"
"('Everything', 'is', 'excellent', ',', 'the', 'menu', 'is', 'quite', 'extensive', ',', 'and', 'you', 'eat', 'with', 'a', 'view', 'on', 'both', 'sides', 'of', 'the', 'city', '.')","('0', '0', '0', '0', '0', '1', '0', '0', '0', '0', '0', '0', '0', '0', '0', '1', '0', '0', '0', '0', '0', '0', '0')","('-1', '-1', '-1', '-1', '-1', '2', '-1', '-1', '-1', '-1', '-1', '-1', '-1', '-1', '-1', '-1', '-1', '-1', '-1', '-1', '-1', '-1', '-1')"
"('If', 'you', '""re""', 'not', 'familiar', 'with', 'the', 'cuisine', ',', 'you', 'may', 'encounter', 'problems', 'ordering', 'here', 'and', 'be', 'sure', 'to', 'bring', 'plenty', 'of', 'cash', 'with', 'you', 'as', 'they', 'do', '""nt""', 'accept', 'credit', 'cards', '.')","('0', '0', '0', '0', '0', '0', '0', '1', '0', '0', '0', '0', '0', '0', '0', '0', '0', '0', '0', '0', '0', '0', '0', '0', '0', '0', '0', '0', '0', '0', '0', '0', '0')","('-1', '-1', '-1', '-1', '-1', '-1', '-1', '0', '-1', '-1', '-1', '-1', '-1', '-1', '-1', '-1', '-1', '-1', '-1', '-1', '-1', '-1', '-1', '-1', '-1', '-1', '-1', '-1', '-1', '-1', '-1', '-1', '-1')"
"('Has', 'the', 'chef', 'and', 'owner', 'changed', '???')","('0', '0', '1', '0', '1', '0', '0')","('-1', '-1', '-1', '-1', '1', '-1', '-1')"
"('The', 'chicken', 'and', 'steak', 'were', 'seasoned', 'and', 'cooked', 'to', 'perfection', ',', 'and', 'the', 'lamb', 'sandwhich', 'is', 'great', 'for', 'heartier', 'appetites', '.')","('0', '1', '0', '1', '0', '0', '0', '0', '0', '0', '0', '0', '0', '1', '2', '0', '0', '0', '0', '0', '0')","('-1', '-1', '-1', '2', '-1', '-1', '-1', '-1', '-1', '-1', '-1', '-1', '-1', '-1', '-1', '-1', '-1', '-1', '-1', '-1', '-1')"
"('Appetizers', 'are', 'somewhere', 'around', '$', '7', 'each', 'and', 'the', 'main', 'dishes', 'are', 'between', '$', '11', 'and', '$', '16', '.')","('1', '0', '0', '0', '0', '0', '0', '0', '0', '1', '2', '0', '0', '0', '0', '0', '0', '0', '0')","('-1', '-1', '-1', '-1', '-1', '-1', '-1', '-1', '-1', '1', '1', '-1', '-1', '-1', '-1', '-1', '-1', '-1', '-1')"
"('We', 'had', 'the', 'pot-stickers', 'which', 'were', 'great', 'and', 'a', 'tempura', 'dish', 'that', 'was', 'great', '.')","('0', '0', '0', '1', '0', '0', '0', '0', '0', '1', '2', '0', '0', '0', '0')","('-1', '-1', '-1', '2', '-1', '-1', '-1', '-1', '-1', '-1', '-1', '-1', '-1', '-1', '-1')"
"('When', 'going', 'out', 'for', 'a', 'nice', 'dinner', ',', 'I', 'like', 'a', 'nice', 'ambiance', 'as', 'well', 'as', 'very', 'good', 'food', '.')","('0', '0', '0', '0', '0', '0', '1', '0', '0', '0', '0', '0', '1', '0', '0', '0', '0', '0', '1', '0')","('-1', '-1', '-1', '-1', '-1', '-1', '2', '-1', '-1', '-1', '-1', '-1', '-1', '-1', '-1', '-1', '-1', '-1', '-1', '-1')"
"('Best', 'Reuben', 'sandwich', 'ever', '!')","('0', '1', '2', '0', '0')","('-1', '2', '2', '-1', '-1')"
"('For', 'authentic', 'Thai', 'food', ',', 'look', 'no', 'further', 'than', 'Toons', '.')","('0', '0', '1', '2', '0', '0', '0', '0', '0', '0', '0')","('-1', '-1', '2', '2', '-1', '-1', '-1', '-1', '-1', '-1', '-1')"
"('I', 'would', 'definitely', 'go', 'back', 'for', 'a', 'very', 'special', 'occasion', ',', 'but', 'not', 'for', 'regular', 'fine', 'dining', '.')","('0', '0', '0', '0', '0', '0', '0', '0', '0', '0', '0', '0', '0', '0', '0', '0', '1', '0')","('-1', '-1', '-1', '-1', '-1', '-1', '-1', '-1', '-1', '-1', '-1', '-1', '-1', '-1', '-1', '-1', '1', '-1')"
"('The', 'staff', 'was', 'accomodating', ',', 'the', 'food', 'was', 'absolutely', 'delicious', 'and', 'the', 'place', 'is', 'lovely', '.')","('0', '1', '0', '0', '0', '0', '1', '0', '0', '0', '0', '0', '1', '0', '0', '0')","('-1', '2', '-1', '-1', '-1', '-1', '-1', '-1', '-1', '-1', '-1', '-1', '-1', '-1', '-1', '-1')"
"('Stick', 'to', 'dimsum', ',', 'not', 'super', 'overpriced', 'noodles', '.')","('0', '0', '1', '0', '0', '0', '0', '1', '0')","('-1', '-1', '2', '-1', '-1', '-1', '-1', '-1', '-1')"
"('From', 'the', 'complimentary', 'chef', 'app', 'of', 'a', 'delicate', 'butternut', 'squash', 'ravioli', 'in', 'a', 'delicious', 'truffle', 'sauce', 'to', 'an', 'amazing', 'buttery', 'and', 'tender', 'langostine', 'entree', 'to', 'a', 'dessert', 'that', 'I', 'ca', '""nt""', 'remember', 'because', 'of', 'the', 'fabulous', 'Cakebread', 'Cabernet', 'we', 'were', 'drinking', '--', 'the', 'whole', 'evening', 'was', 'amazing', '.')","('0', '0', '0', '1', '2', '0', '0', '1', '2', '2', '2', '2', '2', '2', '2', '2', '0', '0', '0', '1', '2', '2', '2', '2', '0', '0', '1', '0', '0', '0', '0', '0', '0', '0', '0', '0', '1', '2', '0', '0', '0', '0', '0', '0', '0', '0', '0', '0')","('-1', '-1', '-1', '-1', '-1', '-1', '-1', '2', '2', '2', '2', '2', '2', '2', '2', '2', '-1', '-1', '-1', '-1', '-1', '-1', '-1', '-1', '-1', '-1', '-1', '-1', '-1', '-1', '-1', '-1', '-1', '-1', '-1', '-1', '-1', '-1', '-1', '-1', '-1', '-1', '-1', '-1', '-1', '-1', '-1', '-1')"
"('The', 'wine', 'list', 'is', '""nt""', 'great', ',', 'and', 'the', 'desserts', 'are', 'shipped', 'in', 'from', 'Bruno', '""s""', 'down', 'the', 'street', ',', 'which', 'is', 'not', 'as', 'good', 'as', 'it', 'used', 'to', 'be', '.')","('0', '1', '2', '0', '0', '0', '0', '0', '0', '1', '0', '0', '0', '0', '0', '0', '0', '0', '0', '0', '0', '0', '0', '0', '0', '0', '0', '0', '0', '0', '0')","('-1', '0', '0', '-1', '-1', '-1', '-1', '-1', '-1', '-1', '-1', '-1', '-1', '-1', '-1', '-1', '-1', '-1', '-1', '-1', '-1', '-1', '-1', '-1', '-1', '-1', '-1', '-1', '-1', '-1', '-1')"
"('You', 'must', 'have', 'the', 'crabmeat', 'lasagna', 'which', 'is', 'out', 'of', 'this', 'world', 'and', 'the', 'chocolate', 'bread', 'pudding', 'for', 'dessert', '.')","('0', '0', '0', '0', '1', '2', '0', '0', '0', '0', '0', '0', '0', '0', '1', '2', '2', '0', '1', '0')","('-1', '-1', '-1', '-1', '-1', '-1', '-1', '-1', '-1', '-1', '-1', '-1', '-1', '-1', '-1', '-1', '-1', '-1', '2', '-1')"
"('The', 'man', 'that', 'was', 'hosting', 'promised', 'to', 'save', 'a', 'table', 'for', 'our', 'party', 'of', '7', ',', 'then', 'sat', 'a', 'party', 'of', '2', 'at', 'the', 'very', 'table', 'he', 'was', 'saving', '-LRB-', 'mean', 'while', 'there', 'were', 'boths', 'open', 'all', 'around', '-RRB-', '.')","('0', '1', '0', '0', '0', '0', '0', '0', '0', '1', '0', '0', '0', '0', '0', '0', '0', '0', '0', '0', '0', '0', '0', '0', '0', '1', '0', '0', '0', '0', '0', '0', '0', '0', '0', '0', '0', '0', '0', '0')","('-1', '-1', '-1', '-1', '-1', '-1', '-1', '-1', '-1', '1', '-1', '-1', '-1', '-1', '-1', '-1', '-1', '-1', '-1', '-1', '-1', '-1', '-1', '-1', '-1', '-1', '-1', '-1', '-1', '-1', '-1', '-1', '-1', '-1', '-1', '-1', '-1', '-1', '-1', '-1')"
"('The', 'seats', 'are', 'uncomfortable', 'if', 'you', 'are', 'sitting', 'against', 'the', 'wall', 'on', 'wooden', 'benches', '.')","('0', '1', '0', '0', '0', '0', '0', '0', '0', '0', '0', '0', '0', '0', '0')","('-1', '0', '-1', '-1', '-1', '-1', '-1', '-1', '-1', '-1', '-1', '-1', '-1', '-1', '-1')"
"('The', 'sangria', 'was', 'pretty', 'tasty', 'and', 'good', 'on', 'a', 'hot', 'muggy', 'day', '.')","('0', '1', '0', '0', '0', '0', '0', '0', '0', '0', '0', '0', '0')","('-1', '2', '-1', '-1', '-1', '-1', '-1', '-1', '-1', '-1', '-1', '-1', '-1')"
"('The', 'food', ',', 'drinks', 'and', 'service', 'are', 'clearly', 'among', 'the', 'best', 'in', 'the', 'city', '.')","('0', '1', '0', '1', '0', '1', '0', '0', '0', '0', '0', '0', '0', '0', '0')","('-1', '-1', '-1', '2', '-1', '-1', '-1', '-1', '-1', '-1', '-1', '-1', '-1', '-1', '-1')"
"('Service', 'could', 'be', 'improved', 'but', 'overall', 'this', 'is', 'a', 'place', 'that', 'understands', 'the', 'importance', 'of', 'little', 'things', '-LRB-', 'the', 'heavy', ',', 'black', ',', 'antique-seeming', 'teapot', ',', 'for', 'one', '-RRB-', 'in', 'the', 'restaurant', 'experience', '.')","('1', '0', '0', '0', '0', '0', '0', '0', '0', '0', '0', '0', '0', '0', '0', '0', '0', '0', '0', '0', '0', '0', '0', '0', '1', '0', '0', '0', '0', '0', '0', '0', '0', '0')","('0', '-1', '-1', '-1', '-1', '-1', '-1', '-1', '-1', '-1', '-1', '-1', '-1', '-1', '-1', '-1', '-1', '-1', '-1', '-1', '-1', '-1', '-1', '-1', '-1', '-1', '-1', '-1', '-1', '-1', '-1', '-1', '-1', '-1')"
"('This', 'is', 'definitely', 'an', 'excellent', 'date', 'spot', 'because', 'of', 'the', 'ambiance', 'and', 'on', 'the', 'weekends', 'the', 'night', 'scene', 'is', 'more', 'than', 'alive', '.')","('0', '0', '0', '0', '0', '0', '1', '0', '0', '0', '1', '0', '0', '0', '0', '0', '1', '2', '0', '0', '0', '0', '0')","('-1', '-1', '-1', '-1', '-1', '-1', '-1', '-1', '-1', '-1', '2', '-1', '-1', '-1', '-1', '-1', '-1', '-1', '-1', '-1', '-1', '-1', '-1')"
"('The', 'combination', 'of', 'fresh', 'tomato', 'sauce', ',', 'fresh', 'mozz', 'cheese', ',', 'basil', 'and', 'the', 'dough', 'they', 'make', 'with', 'imported', 'flour', ',', 'makes', 'this', 'is', 'one', 'of', 'the', 'better', 'pizza', '""s""', 'in', 'NY', '.')","('0', '0', '0', '1', '2', '2', '0', '1', '2', '2', '0', '1', '0', '0', '1', '0', '0', '0', '0', '1', '0', '0', '0', '0', '0', '0', '0', '0', '1', '0', '0', '0', '0')","('-1', '-1', '-1', '-1', '-1', '-1', '-1', '-1', '-1', '-1', '-1', '-1', '-1', '-1', '2', '-1', '-1', '-1', '-1', '-1', '-1', '-1', '-1', '-1', '-1', '-1', '-1', '-1', '-1', '-1', '-1', '-1', '-1')"
"('Some', 'of', 'the', 'workers', 'ignore', 'me', 'and', 'talk', 'to', 'the', 'female', 'customers', ',', 'other', 'times', ',', 'they', '""ve""', 'skipped', 'my', 'order', '.')","('0', '0', '0', '1', '0', '0', '0', '0', '0', '0', '0', '0', '0', '0', '0', '0', '0', '0', '0', '0', '1', '0')","('-1', '-1', '-1', '0', '-1', '-1', '-1', '-1', '-1', '-1', '-1', '-1', '-1', '-1', '-1', '-1', '-1', '-1', '-1', '-1', '-1', '-1')"
"('The', 'signs', ',', 'the', 'specials', 'menus', ',', 'food', ',', 'and', 'even', 'all', 'the', 'waitstaff', 'are', 'ALL', 'TOTALLY', 'Japanese', '.')","('0', '1', '0', '0', '1', '2', '0', '1', '0', '0', '0', '0', '0', '1', '0', '0', '0', '0', '0')","('-1', '-1', '-1', '-1', '-1', '-1', '-1', '-1', '-1', '-1', '-1', '-1', '-1', '2', '-1', '-1', '-1', '-1', '-1')"
"('sometimes', 'i', 'get', 'bad', 'food', 'and', 'bad', 'service', ',', 'sometimes', 'i', 'get', 'good', 'good', 'and', 'bad', 'service', '.')","('0', '0', '0', '0', '1', '0', '0', '1', '0', '0', '0', '0', '0', '1', '0', '0', '1', '0')","('-1', '-1', '-1', '-1', '-1', '-1', '-1', '0', '-1', '-1', '-1', '-1', '-1', '-1', '-1', '-1', '-1', '-1')"
"('It', 'took', 'them', '25', 'minutes', 'to', 'bring', 'our', 'appetizer', '.')","('0', '0', '0', '0', '0', '0', '0', '0', '1', '0')","('-1', '-1', '-1', '-1', '-1', '-1', '-1', '-1', '1', '-1')"
"('The', 'portions', 'are', 'now', 'very', 'small', ',', 'the', 'sauces', 'are', 'overly-ambitious', 'usually', 'inedible', 'while', 'the', 'service', 'is', 'still', 'good', ',', 'the', 'restaurant', ',', 'due', 'to', 'its', 'popularity', ',', 'seems', 'frantic', '.')","('0', '1', '0', '0', '0', '0', '0', '0', '1', '0', '0', '0', '0', '0', '0', '1', '0', '0', '0', '0', '0', '0', '0', '0', '0', '0', '0', '0', '0', '0', '0')","('-1', '0', '-1', '-1', '-1', '-1', '-1', '-1', '-1', '-1', '-1', '-1', '-1', '-1', '-1', '-1', '-1', '-1', '-1', '-1', '-1', '-1', '-1', '-1', '-1', '-1', '-1', '-1', '-1', '-1', '-1')"
"('I', 'particularly', 'love', 'their', 'yellowfun', 'tuna', 'and', 'their', 'mussel', 'selection', '.')","('0', '0', '0', '0', '1', '2', '0', '0', '1', '2', '0')","('-1', '-1', '-1', '-1', '-1', '-1', '-1', '-1', '2', '2', '-1')"
"('Food', 'was', 'average', 'and', 'creme', 'brulee', 'was', 'awful', '-', 'the', 'sugar', 'was', 'charred', ',', 'not', 'caramelized', 'and', 'smelled', 'of', 'kerosene', '.')","('1', '0', '0', '0', '1', '2', '0', '0', '0', '0', '1', '0', '0', '0', '0', '0', '0', '0', '0', '0', '0')","('-1', '-1', '-1', '-1', '-1', '-1', '-1', '-1', '-1', '-1', '0', '-1', '-1', '-1', '-1', '-1', '-1', '-1', '-1', '-1', '-1')"
"('Their', 'whitefish', 'salad', 'is', 'excellent', '--', 'all', 'whitefish', 'with', 'a', 'little', 'mayo', '.')","('0', '1', '2', '0', '0', '0', '0', '1', '0', '0', '0', '1', '0')","('-1', '-1', '-1', '-1', '-1', '-1', '-1', '-1', '-1', '-1', '-1', '2', '-1')"
"('Not', 'enough', 'wines', 'by', 'the', 'glass', 'either', '.')","('0', '0', '1', '2', '2', '2', '0', '0')","('-1', '-1', '0', '0', '0', '0', '-1', '-1')"
"('Ambience', 'is', 'delightful', ',', 'service', 'impeccable', '.')","('1', '0', '0', '0', '1', '0', '0')","('-1', '-1', '-1', '-1', '2', '-1', '-1')"
"('The', 'food', ',', 'served', 'in', 'small', 'tasting', 'portions', '-LRB-', 'as', 'an', 'option', '-RRB-', 'is', 'very', 'good', 'with', 'each', 'dish', 'being', 'better', 'than', 'the', 'next', '.')","('0', '1', '0', '1', '0', '0', '0', '1', '0', '0', '0', '0', '0', '0', '0', '0', '0', '0', '1', '0', '0', '0', '0', '0', '0')","('-1', '-1', '-1', '1', '-1', '-1', '-1', '-1', '-1', '-1', '-1', '-1', '-1', '-1', '-1', '-1', '-1', '-1', '-1', '-1', '-1', '-1', '-1', '-1', '-1')"
"('Service', 'is', 'highly', 'refined', ':', 'our', 'seating', 'was', 'delayed', '35', 'minutes', 'past', 'our', 'reservation', 'and', 'the', 'maitre', '""d""', 'apologized', 'and', 'regularly', 'kept', 'us', 'apprised', 'of', 'progress', '.')","('1', '0', '0', '0', '0', '0', '0', '0', '0', '0', '0', '0', '0', '1', '0', '0', '1', '0', '0', '0', '0', '0', '0', '0', '0', '0', '0')","('-1', '-1', '-1', '-1', '-1', '-1', '-1', '-1', '-1', '-1', '-1', '-1', '-1', '-1', '-1', '-1', '2', '-1', '-1', '-1', '-1', '-1', '-1', '-1', '-1', '-1', '-1')"
"('I', 'have', 'been', 'about', '4', 'times', 'and', 'have', 'always', 'had', 'a', 'great', 'meal', '.')","('0', '0', '0', '0', '0', '0', '0', '0', '0', '0', '0', '0', '1', '0')","('-1', '-1', '-1', '-1', '-1', '-1', '-1', '-1', '-1', '-1', '-1', '-1', '2', '-1')"
"('The', 'menu', 'changed', ',', 'portions', 'were', 'even', 'smaller', 'than', 'before', ',', 'a', 'lentil', 'dish', 'was', 'salty', 'beyond', 'edibility', ',', 'a', 'basmati', 'rice', 'dish', 'lacked', 'flavor', '.')","('0', '1', '0', '0', '1', '0', '0', '0', '0', '0', '0', '0', '1', '2', '0', '0', '0', '0', '0', '0', '1', '2', '2', '0', '1', '0')","('-1', '-1', '-1', '-1', '-1', '-1', '-1', '-1', '-1', '-1', '-1', '-1', '-1', '-1', '-1', '-1', '-1', '-1', '-1', '-1', '0', '0', '0', '-1', '-1', '-1')"
"('The', 'highlight', 'of', 'the', 'night', 'was', 'the', 'mayonaisse', 'for', 'my', 'side', 'of', 'fries', 'I', 'received', 'from', 'one', 'of', 'the', 'food', 'runners', ',', 'which', 'is', 'not', 'good', 'considering', 'the', 'bill', 'was', 'nearly', '$', '100', '.')","('0', '0', '0', '0', '0', '0', '0', '1', '0', '0', '0', '0', '1', '0', '0', '0', '0', '0', '0', '1', '2', '0', '0', '0', '0', '0', '0', '0', '1', '0', '0', '0', '0', '0')","('-1', '-1', '-1', '-1', '-1', '-1', '-1', '-1', '-1', '-1', '-1', '-1', '-1', '-1', '-1', '-1', '-1', '-1', '-1', '1', '1', '-1', '-1', '-1', '-1', '-1', '-1', '-1', '-1', '-1', '-1', '-1', '-1', '-1')"
"('The', 'waitresses', 'are', 'nice', '--', 'also', 'you', 'can', 'just', 'get', 'counter', 'service', 'sit', '.')","('0', '1', '0', '0', '0', '0', '0', '0', '0', '0', '1', '2', '0', '0')","('-1', '2', '-1', '-1', '-1', '-1', '-1', '-1', '-1', '-1', '-1', '-1', '-1', '-1')"
"('I', 'did', '""nt""', 'expect', 'to', 'like', 'Nosh', 'as', 'much', 'as', 'I', 'did', ',', 'but', 'the', 'pastrami', 'on', 'challah', 'sandwich', 'I', 'had', 'was', 'otherworldly', ',', 'the', 'soups', 'are', 'like', 'Mom', '""s""', ',', 'and', 'the', 'knishes', 'give', 'Yonah', 'Schimmel', '""s""', 'a', 'run', 'for', 'its', 'money', '.')","('0', '0', '0', '0', '0', '0', '0', '0', '0', '0', '0', '0', '0', '0', '0', '1', '2', '2', '2', '0', '0', '0', '0', '0', '0', '1', '0', '0', '0', '0', '0', '0', '0', '1', '0', '0', '0', '0', '0', '0', '0', '0', '0', '0')","('-1', '-1', '-1', '-1', '-1', '-1', '-1', '-1', '-1', '-1', '-1', '-1', '-1', '-1', '-1', '2', '2', '2', '2', '-1', '-1', '-1', '-1', '-1', '-1', '-1', '-1', '-1', '-1', '-1', '-1', '-1', '-1', '-1', '-1', '-1', '-1', '-1', '-1', '-1', '-1', '-1', '-1', '-1')"
"('The', 'spicy', 'tuna', 'and', 'salmon', 'are', 'the', 'best', 'we', '""ve""', 'ever', 'had', '.')","('0', '1', '2', '0', '1', '0', '0', '0', '0', '0', '0', '0', '0')","('-1', '2', '2', '-1', '-1', '-1', '-1', '-1', '-1', '-1', '-1', '-1', '-1')"
"('Nothing', 'better', 'than', 'buying', 'a', 'snapple', 'for', '$', '3.25', 'too', '.')","('0', '0', '0', '0', '0', '1', '0', '0', '0', '0', '0')","('-1', '-1', '-1', '-1', '-1', '2', '-1', '-1', '-1', '-1', '-1')"
"('The', 'have', 'over', '100', 'different', 'beers', 'to', 'offer', 'thier', 'guest', 'so', 'that', 'made', 'my', 'husband', 'very', 'happy', 'and', 'the', 'food', 'was', 'delicious', ',', 'if', 'I', 'must', 'recommend', 'a', 'dish', 'it', 'must', 'be', 'the', 'pumkin', 'tortelini', '.')","('0', '0', '0', '0', '0', '1', '0', '0', '0', '0', '0', '0', '0', '0', '0', '0', '0', '0', '0', '1', '0', '0', '0', '0', '0', '0', '0', '0', '1', '0', '0', '0', '0', '1', '2', '0')","('-1', '-1', '-1', '-1', '-1', '-1', '-1', '-1', '-1', '-1', '-1', '-1', '-1', '-1', '-1', '-1', '-1', '-1', '-1', '-1', '-1', '-1', '-1', '-1', '-1', '-1', '-1', '-1', '2', '-1', '-1', '-1', '-1', '-1', '-1', '-1')"
"('From', 'the', 'entrees', 'to', 'the', 'sides', 'to', 'the', 'drinks', ',', 'everything', 'was', 'creatively', 'prepared', 'yet', 'still', 'simple', '.')","('0', '0', '1', '0', '0', '1', '0', '0', '1', '0', '0', '0', '0', '0', '0', '0', '0', '0')","('-1', '-1', '-1', '-1', '-1', '2', '-1', '-1', '-1', '-1', '-1', '-1', '-1', '-1', '-1', '-1', '-1', '-1')"
"('Ask', 'for', 'Usha', ',', 'the', 'nicest', 'bartender', 'in', 'manhattan', '.')","('0', '0', '0', '0', '0', '0', '1', '0', '0', '0')","('-1', '-1', '-1', '-1', '-1', '-1', '2', '-1', '-1', '-1')"
"('The', 'food', 'always', 'tastes', 'fresh', 'and', 'served', 'promptly', '.')","('0', '1', '0', '0', '0', '0', '1', '0', '0')","('-1', '-1', '-1', '-1', '-1', '-1', '2', '-1', '-1')"
"('I', 'would', 'highly', 'recommend', 'Nina', '""s""', 'to', 'anyone', 'who', 'wants', 'to', 'have', 'a', 'romantic', 'dinner', 'in', 'a', 'heart', 'warming', 'surrounding', 'filled', 'with', 'candles', 'and', 'family', 'pictures', '.')","('0', '0', '0', '0', '0', '0', '0', '0', '0', '0', '0', '0', '0', '0', '1', '0', '0', '0', '0', '1', '0', '0', '1', '0', '0', '1', '0')","('-1', '-1', '-1', '-1', '-1', '-1', '-1', '-1', '-1', '-1', '-1', '-1', '-1', '-1', '2', '-1', '-1', '-1', '-1', '-1', '-1', '-1', '-1', '-1', '-1', '-1', '-1')"
"('This', 'restaurant', 'used', 'to', 'be', 'our', 'regular', 'Thursday', 'night', 'dinner', 'location', '.')","('0', '0', '0', '0', '0', '0', '0', '0', '0', '1', '2', '0')","('-1', '-1', '-1', '-1', '-1', '-1', '-1', '-1', '-1', '1', '1', '-1')"
"('It', 'is', 'nearly', 'impossible', 'to', 'get', 'a', 'table', ',', 'so', 'if', 'you', 'ever', 'have', 'the', 'chance', 'to', 'go', 'here', 'for', 'dinner', ',', 'DO', 'NOT', 'pass', 'it', 'up', '.')","('0', '0', '0', '0', '0', '0', '0', '1', '0', '0', '0', '0', '0', '0', '0', '0', '0', '0', '0', '0', '1', '0', '0', '0', '0', '0', '0', '0')","('-1', '-1', '-1', '-1', '-1', '-1', '-1', '-1', '-1', '-1', '-1', '-1', '-1', '-1', '-1', '-1', '-1', '-1', '-1', '-1', '2', '-1', '-1', '-1', '-1', '-1', '-1', '-1')"
"('Service', 'was', 'warm', 'and', 'attentive', ',', 'beef', 'carpaachio', 'was', 'exellent', '-LRB-', 'huge', 'portion', '-RRB-', 'and', 'pasta', 'was', 'fresh', 'and', 'well-prepared', '.')","('1', '0', '0', '0', '0', '0', '1', '2', '0', '0', '0', '0', '1', '0', '0', '1', '0', '0', '0', '0', '0')","('-1', '-1', '-1', '-1', '-1', '-1', '-1', '-1', '-1', '-1', '-1', '-1', '2', '-1', '-1', '-1', '-1', '-1', '-1', '-1', '-1')"
"('The', 'place', 'is', 'small', 'and', 'intimate', 'and', 'you', 'may', 'feel', 'a', 'little', 'crowded', ',', 'but', 'the', 'service', 'is', 'excellent', 'and', 'it', '""s""', 'great', 'for', 'friends', 'out', ',', 'a', 'romantic', 'date', ',', 'or', 'a', 'special', 'occassion', '.')","('0', '1', '0', '0', '0', '0', '0', '0', '0', '0', '0', '0', '0', '0', '0', '0', '1', '0', '0', '0', '0', '0', '0', '0', '0', '0', '0', '0', '0', '0', '0', '0', '0', '0', '0', '0')","('-1', '0', '-1', '-1', '-1', '-1', '-1', '-1', '-1', '-1', '-1', '-1', '-1', '-1', '-1', '-1', '-1', '-1', '-1', '-1', '-1', '-1', '-1', '-1', '-1', '-1', '-1', '-1', '-1', '-1', '-1', '-1', '-1', '-1', '-1', '-1')"
"('The', 'food', 'was', 'so-so', '.')","('0', '1', '0', '0', '0')","('-1', '1', '-1', '-1', '-1')"
"('The', 'waitresses', 'are', 'nice', '--', 'also', 'you', 'can', 'just', 'get', 'counter', 'service', 'sit', '.')","('0', '1', '0', '0', '0', '0', '0', '0', '0', '0', '1', '2', '0', '0')","('-1', '-1', '-1', '-1', '-1', '-1', '-1', '-1', '-1', '-1', '2', '2', '-1', '-1')"
"('I', 'had', 'the', 'mango', 'chicken', 'and', 'i', 'ca', '""nt""', 'go', 'on', 'to', 'tell', 'you', 'how', 'delicious', 'that', 'was', 'and', 'the', 'presentation', 'was', 'beatiful', '.')","('0', '0', '0', '1', '2', '0', '0', '0', '0', '0', '0', '0', '0', '0', '0', '0', '0', '0', '0', '0', '1', '0', '0', '0')","('-1', '-1', '-1', '-1', '-1', '-1', '-1', '-1', '-1', '-1', '-1', '-1', '-1', '-1', '-1', '-1', '-1', '-1', '-1', '-1', '2', '-1', '-1', '-1')"
"('Ive', 'asked', 'a', 'cart', 'attendant', 'for', 'a', 'lotus', 'leaf', 'wrapped', 'rice', 'and', 'she', 'replied', 'back', 'rice', 'and', 'just', 'walked', 'away', '.')","('0', '0', '0', '1', '2', '0', '0', '1', '2', '2', '2', '0', '0', '0', '0', '1', '0', '0', '0', '0', '0')","('-1', '-1', '-1', '-1', '-1', '-1', '-1', '1', '1', '1', '1', '-1', '-1', '-1', '-1', '-1', '-1', '-1', '-1', '-1', '-1')"
"('Great', 'food', ',', 'great', 'decor', ',', 'great', 'service', '.')","('0', '1', '0', '0', '1', '0', '0', '1', '0')","('-1', '-1', '-1', '-1', '2', '-1', '-1', '-1', '-1')"
"('my', 'picks', 'are', ':', '-', 'Scallion', 'Pancake', '-LRB-', 'fried', 'with', 'vegetable', 'juice', ',', 'very', 'special', 'and', 'tasty', '-RRB-', '-', 'Guizhou', 'Chicken', '-', 'Shredded', 'Squid', 'Family', 'Style', '-LRB-', 'one', 'of', 'my', 'personal', 'favorites', '-RRB-', '-', 'Sichuan', 'Spicy', 'Soft', 'Shell', 'Crab', '-', 'Shuizhu', 'Fish', '-LRB-', 'this', 'one', 'is', 'for', 'hardcore', 'Sichuan', 'food', 'fans', ',', 'I', 'would', '""nt""', 'recommend', 'to', 'my', 'American', 'friends', 'as', 'it', '""s""', 'very', 'spicy', '.')","('0', '0', '0', '0', '0', '1', '2', '0', '0', '0', '1', '2', '0', '0', '0', '0', '0', '0', '0', '1', '2', '0', '1', '2', '2', '2', '0', '0', '0', '0', '0', '0', '0', '0', '1', '2', '2', '2', '2', '0', '1', '2', '0', '0', '0', '0', '0', '0', '1', '2', '0', '0', '0', '0', '0', '0', '0', '0', '0', '0', '0', '0', '0', '0', '0', '0')","('-1', '-1', '-1', '-1', '-1', '-1', '-1', '-1', '-1', '-1', '2', '2', '-1', '-1', '-1', '-1', '-1', '-1', '-1', '-1', '-1', '-1', '-1', '-1', '-1', '-1', '-1', '-1', '-1', '-1', '-1', '-1', '-1', '-1', '-1', '-1', '-1', '-1', '-1', '-1', '-1', '-1', '-1', '-1', '-1', '-1', '-1', '-1', '-1', '-1', '-1', '-1', '-1', '-1', '-1', '-1', '-1', '-1', '-1', '-1', '-1', '-1', '-1', '-1', '-1', '-1')"
"('Note', 'that', 'they', 'do', 'not', 'serve', 'beer', ',', 'you', 'must', 'bring', 'your', 'own', '.')","('0', '0', '0', '0', '0', '0', '1', '0', '0', '0', '0', '0', '0', '0')","('-1', '-1', '-1', '-1', '-1', '-1', '0', '-1', '-1', '-1', '-1', '-1', '-1', '-1')"
"('I', '""d""', 'highly', 'recommend', 'it', 'for', 'a', 'special', 'occasion', '--', 'it', 'provides', 'and', 'intimate', 'setting', 'and', 'nice', 'service', '.')","('0', '0', '0', '0', '0', '0', '0', '0', '0', '0', '0', '0', '0', '0', '1', '0', '0', '1', '0')","('-1', '-1', '-1', '-1', '-1', '-1', '-1', '-1', '-1', '-1', '-1', '-1', '-1', '-1', '-1', '-1', '-1', '2', '-1')"
"('The', 'filet', 'mignon', 'dish', 'was', 'superb', '!')","('0', '1', '2', '2', '0', '0', '0')","('-1', '2', '2', '2', '-1', '-1', '-1')"
"('I', 'highly', 'recommend', 'visiting', 'this', 'restaurant', 'and', 'having', 'dinner', 'and', 'drinks', '!')","('0', '0', '0', '0', '0', '0', '0', '0', '1', '0', '1', '0')","('-1', '-1', '-1', '-1', '-1', '-1', '-1', '-1', '-1', '-1', '2', '-1')"
"('Plus', ',', 'on', 'Wednesday', 'nights', 'the', 'house', 'wine', 'is', 'unlimited', '!')","('0', '0', '0', '0', '0', '0', '1', '2', '0', '0', '0')","('-1', '-1', '-1', '-1', '-1', '-1', '2', '2', '-1', '-1', '-1')"
"('Do', '""nt""', 'waste', 'money', 'on', 'decor', '.')","('0', '0', '0', '0', '0', '1', '0')","('-1', '-1', '-1', '-1', '-1', '1', '-1')"
"('Fabulous', 'service', ',', 'fantastic', 'food', ',', 'and', 'a', 'chilled', 'out', 'atmosphere', 'and', 'environment', '.')","('0', '1', '0', '0', '1', '0', '0', '0', '0', '0', '1', '0', '1', '0')","('-1', '-1', '-1', '-1', '-1', '-1', '-1', '-1', '-1', '-1', '2', '-1', '-1', '-1')"
"('Scalina', 'Fedeli', 'reminded', 'me', 'why', 'service', 'is', 'so', 'integral', 'to', 'fine', 'dining', '.')","('0', '0', '0', '0', '0', '1', '0', '0', '0', '0', '0', '1', '0')","('-1', '-1', '-1', '-1', '-1', '-1', '-1', '-1', '-1', '-1', '-1', '2', '-1')"
"('They', 'might', 'be', 'all', 'business', 'at', 'the', 'counter', 'when', 'you', 'give', 'your', 'order', ',', 'but', 'their', 'food', 'says', 'I', 'love', 'you', '.')","('0', '0', '0', '0', '0', '0', '0', '1', '0', '0', '0', '0', '0', '0', '0', '0', '1', '0', '0', '0', '0', '0')","('-1', '-1', '-1', '-1', '-1', '-1', '-1', '-1', '-1', '-1', '-1', '-1', '-1', '-1', '-1', '-1', '2', '-1', '-1', '-1', '-1', '-1')"
"('The', 'one', 'vegetarian', 'entree', '-LRB-', '""Abbys""', 'treasure', '-RRB-', 'was', 'actually', 'quite', 'a', 'surprise', '-', 'it', 'was', 'delicious', 'and', 'had', 'wintermelon', 'covering', 'an', 'assortment', 'of', 'fresh', 'mushrooms', 'and', 'vegetables', '.')","('0', '0', '1', '2', '0', '1', '2', '0', '0', '0', '0', '0', '0', '0', '0', '0', '0', '0', '0', '1', '0', '0', '1', '2', '2', '2', '2', '2', '0')","('-1', '-1', '2', '2', '-1', '-1', '-1', '-1', '-1', '-1', '-1', '-1', '-1', '-1', '-1', '-1', '-1', '-1', '-1', '-1', '-1', '-1', '-1', '-1', '-1', '-1', '-1', '-1', '-1')"
"('The', 'chicken', 'parm', 'was', 'edible', 'but', 'had', 'canned', 'tomato', 'sauce', 'and', 'boxed', 'pasta', 'and', 'the', 'chicken', 'with', 'portobello', 'mushrooms', 'consisted', 'of', 'dry', ',', 'inedible', 'chicken', 'with', 'terrible', 'sauce', '.')","('0', '0', '0', '0', '0', '0', '0', '0', '1', '2', '0', '0', '1', '0', '0', '1', '2', '2', '2', '0', '0', '0', '0', '0', '1', '0', '0', '1', '0')","('-1', '-1', '-1', '-1', '-1', '-1', '-1', '-1', '0', '0', '-1', '-1', '-1', '-1', '-1', '-1', '-1', '-1', '-1', '-1', '-1', '-1', '-1', '-1', '-1', '-1', '-1', '-1', '-1')"
"('i', 'would', 'recommend', 'reservations', 'on', 'weekends', 'though', '.')","('0', '0', '0', '1', '0', '0', '0', '0')","('-1', '-1', '-1', '1', '-1', '-1', '-1', '-1')"
"('From', 'the', 'appetizers', 'we', 'ate', ',', 'the', 'dim', 'sum', 'and', 'other', 'variety', 'of', 'foods', ',', 'it', 'was', 'impossible', 'to', 'criticize', 'the', 'food', '.')","('0', '0', '1', '0', '0', '0', '0', '1', '2', '0', '0', '0', '0', '1', '0', '0', '0', '0', '0', '0', '0', '1', '0')","('-1', '-1', '-1', '-1', '-1', '-1', '-1', '2', '2', '-1', '-1', '-1', '-1', '-1', '-1', '-1', '-1', '-1', '-1', '-1', '-1', '-1', '-1')"
"('The', 'only', 'weird', 'thing', 'was', 'if', 'we', 'got', 'a', 'bottle', ',', 'the', 'waitress', 'would', 'have', 'simply', 'multiplied', 'the', 'glass', 'price', 'X4', ',', 'which', 'makes', 'no', 'sense', 'whatsoever', '.')","('0', '0', '0', '0', '0', '0', '0', '0', '0', '1', '0', '0', '1', '0', '0', '0', '0', '0', '0', '1', '0', '0', '0', '0', '0', '0', '0', '0')","('-1', '-1', '-1', '-1', '-1', '-1', '-1', '-1', '-1', '1', '-1', '-1', '-1', '-1', '-1', '-1', '-1', '-1', '-1', '-1', '-1', '-1', '-1', '-1', '-1', '-1', '-1', '-1')"
"('I', 'choose', 'to', 'go', 'with', 'one', 'of', 'the', 'special', ',', 'the', 'braised', 'lamb', 'shank', 'in', 'red', 'wine', ',', 'which', 'was', 'excellent', '.')","('0', '0', '0', '0', '0', '0', '0', '0', '1', '0', '0', '1', '2', '2', '2', '2', '2', '0', '0', '0', '0', '0')","('-1', '-1', '-1', '-1', '-1', '-1', '-1', '-1', '-1', '-1', '-1', '2', '2', '2', '2', '2', '2', '-1', '-1', '-1', '-1', '-1')"
"('The', 'service', 'was', 'excellent', '-', 'friendly', 'and', 'attentive', '.')","('0', '1', '0', '0', '0', '0', '0', '0', '0')","('-1', '2', '-1', '-1', '-1', '-1', '-1', '-1', '-1')"
"('In', 'terms', 'of', 'the', 'food', 'itself', '--', 'nothing', 'special', ',', 'we', 'limited', 'ourselves', 'to', 'several', 'appetizers', '.')","('0', '0', '0', '0', '1', '0', '0', '0', '0', '0', '0', '0', '0', '0', '0', '1', '0')","('-1', '-1', '-1', '-1', '1', '-1', '-1', '-1', '-1', '-1', '-1', '-1', '-1', '-1', '-1', '-1', '-1')"
"('i', '""ve""', 'been', 'to', 'sapphire', 'twice', 'and', 'both', 'times', 'the', 'food', 'was', 'fine', ',', 'if', 'not', 'good', '.')","('0', '0', '0', '0', '0', '0', '0', '0', '0', '0', '1', '0', '0', '0', '0', '0', '0', '0')","('-1', '-1', '-1', '-1', '-1', '-1', '-1', '-1', '-1', '-1', '2', '-1', '-1', '-1', '-1', '-1', '-1', '-1')"
"('The', 'bill', 'is', 'approximately', '$', '25', 'for', '2', 'at', 'lunch', 'without', 'drinks', '.')","('0', '1', '0', '0', '0', '0', '0', '0', '0', '1', '0', '1', '0')","('-1', '1', '-1', '-1', '-1', '-1', '-1', '-1', '-1', '-1', '-1', '-1', '-1')"
"('Pizza', 'is', 'terrific', ',', 'as', 'is', 'homemade', 'pasta', '.')","('1', '0', '0', '0', '0', '0', '1', '2', '0')","('-1', '-1', '-1', '-1', '-1', '-1', '2', '2', '-1')"
"('The', 'Pad', 'thai', ',', 'lad', 'nar', 'and', 'various', 'other', 'dishes', 'all', 'look', 'good', 'on', 'paper', 'but', ',', 'I', '""ve""', 'had', 'better', 'thai', 'food', 'in', 'less', 'asthetically', 'pleasing', 'places', '.')","('0', '0', '0', '0', '0', '0', '0', '0', '0', '0', '0', '0', '0', '0', '0', '0', '0', '0', '0', '0', '0', '1', '2', '0', '0', '0', '0', '1', '0')","('-1', '-1', '-1', '-1', '-1', '-1', '-1', '-1', '-1', '-1', '-1', '-1', '-1', '-1', '-1', '-1', '-1', '-1', '-1', '-1', '-1', '1', '1', '-1', '-1', '-1', '-1', '-1', '-1')"
"('The', 'porcini', 'mushroom', 'pasta', 'special', 'was', 'tasteless', ',', 'so', 'was', 'the', 'seafood', 'tagliatelle', '.')","('0', '1', '2', '2', '2', '0', '0', '0', '0', '0', '0', '0', '0', '0')","('-1', '0', '0', '0', '0', '-1', '-1', '-1', '-1', '-1', '-1', '-1', '-1', '-1')"
"('The', 'soup', 'is', 'pretty', 'good', 'too', '.')","('0', '1', '0', '0', '0', '0', '0')","('-1', '2', '-1', '-1', '-1', '-1', '-1')"
"('If', 'you', 'do', '""nt""', 'mind', 'pre-sliced', 'low', 'quality', 'fish', ',', 'unfriendly', 'staff', 'and', 'a', 'sushi', 'chef', 'that', 'looks', 'like', 'he', 'is', 'miserable', 'then', 'this', 'is', 'your', 'place', '.')","('0', '0', '0', '0', '0', '0', '0', '0', '1', '0', '0', '1', '0', '0', '1', '2', '0', '0', '0', '0', '0', '0', '0', '0', '0', '0', '0', '0')","('-1', '-1', '-1', '-1', '-1', '-1', '-1', '-1', '-1', '-1', '-1', '-1', '-1', '-1', '0', '0', '-1', '-1', '-1', '-1', '-1', '-1', '-1', '-1', '-1', '-1', '-1', '-1')"
"('While', 'this', 'is', 'a', 'pretty', 'place', 'in', 'that', 'overly', 'cute', 'French', 'way', ',', 'the', 'food', 'was', 'insultingly', 'horrible', '.')","('0', '0', '0', '0', '0', '1', '0', '0', '0', '0', '0', '0', '0', '0', '1', '0', '0', '0', '0')","('-1', '-1', '-1', '-1', '-1', '-1', '-1', '-1', '-1', '-1', '-1', '-1', '-1', '-1', '0', '-1', '-1', '-1', '-1')"
"('The', 'noodle', 'and', 'rices', 'dishes', 'taste', 'great', '.')","('0', '1', '2', '2', '2', '0', '0', '0')","('-1', '2', '2', '2', '2', '-1', '-1', '-1')"
"('Restaurant', 'snobs', 'need', 'not', 'bother', ',', 'this', 'is', 'a', 'small', ',', 'neighborhood', 'kind', 'of', 'place', '.')","('0', '0', '0', '0', '0', '0', '0', '0', '0', '0', '0', '0', '0', '0', '1', '0')","('-1', '-1', '-1', '-1', '-1', '-1', '-1', '-1', '-1', '-1', '-1', '-1', '-1', '-1', '2', '-1')"
"('I', 'had', 'the', 'Pad', 'Thai', 'and', 'the', 'noodles', 'were', 'sticky', '.')","('0', '0', '0', '1', '2', '0', '0', '1', '0', '0', '0')","('-1', '-1', '-1', '-1', '-1', '-1', '-1', '0', '-1', '-1', '-1')"
"('The', 'pizza', 'was', 'great', '.')","('0', '1', '0', '0', '0')","('-1', '2', '-1', '-1', '-1')"
"('Great', 'place', 'to', 'grab', 'a', 'hot', 'bagel', 'on', 'the', 'way', 'to', 'work', '.')","('0', '0', '0', '0', '0', '1', '2', '0', '0', '0', '0', '0', '0')","('-1', '-1', '-1', '-1', '-1', '2', '2', '-1', '-1', '-1', '-1', '-1', '-1')"
"('Cozy', 'romantic', 'atomosphere', 'with', 'only', 'around', '15', 'tables', 'at', 'most', '.')","('0', '0', '1', '0', '0', '0', '0', '1', '0', '0', '0')","('-1', '-1', '2', '-1', '-1', '-1', '-1', '-1', '-1', '-1', '-1')"
"('To', 'finish', 'off', 'such', 'a', 'delightful', 'dinner', 'experience', 'you', 'must', 'have', 'dessert', ',', 'especially', 'the', 'White', 'Chocolate', 'Bread', 'Pudding', 'with', 'Gelato', 'and', 'hot', 'chocolate', '.')","('0', '0', '0', '0', '0', '0', '0', '0', '0', '0', '0', '1', '0', '0', '0', '0', '0', '0', '0', '0', '0', '0', '0', '0', '0')","('-1', '-1', '-1', '-1', '-1', '-1', '-1', '-1', '-1', '-1', '-1', '2', '-1', '-1', '-1', '-1', '-1', '-1', '-1', '-1', '-1', '-1', '-1', '-1', '-1')"
"('For', 'those', 'prices', 'and', 'the', 'dressed', 'up', 'atmosphere', 'you', 'expect', 'more', 'and', 'should', 'get', 'more', '.')","('0', '0', '1', '0', '0', '0', '0', '1', '0', '0', '0', '0', '0', '0', '0', '0')","('-1', '-1', '0', '-1', '-1', '-1', '-1', '-1', '-1', '-1', '-1', '-1', '-1', '-1', '-1', '-1')"
"('The', 'staff', 'are', 'attentive', ',', 'and', 'have', 'smiles', 'on', 'their', 'faces', '.')","('0', '1', '0', '0', '0', '0', '0', '0', '0', '0', '0', '0')","('-1', '2', '-1', '-1', '-1', '-1', '-1', '-1', '-1', '-1', '-1', '-1')"
"('I', 'understand', 'the', 'area', 'and', 'folks', 'you', 'need', 'not', 'come', 'here', 'for', 'the', 'romantic', ',', 'alluring', 'ambiance', 'or', 'the', 'five', 'star', 'service', 'featuring', 'a', 'sommlier', 'and', 'a', 'complicated', 'maze', 'of', 'captain', 'and', 'back', 'waiters', '-', 'you', 'come', 'for', 'the', 'authentic', 'foods', ',', 'the', 'tastes', ',', 'the', 'experiance', '.')","('0', '0', '0', '0', '0', '0', '0', '0', '0', '0', '0', '0', '0', '0', '0', '0', '1', '0', '0', '0', '0', '1', '0', '0', '1', '0', '0', '0', '0', '0', '1', '0', '1', '2', '0', '0', '0', '0', '0', '0', '1', '0', '0', '1', '0', '0', '0', '0')","('-1', '-1', '-1', '-1', '-1', '-1', '-1', '-1', '-1', '-1', '-1', '-1', '-1', '-1', '-1', '-1', '-1', '-1', '-1', '-1', '-1', '-1', '-1', '-1', '-1', '-1', '-1', '-1', '-1', '-1', '2', '-1', '-1', '-1', '-1', '-1', '-1', '-1', '-1', '-1', '-1', '-1', '-1', '-1', '-1', '-1', '-1', '-1')"
"('Lived', 'in', 'Shanghai', 'most', 'of', 'my', 'life', 'and', 'thought', 'the', 'food', 'was', 'comparable', 'to', 'the', 'flagship', 'Green', 'Bo', 'restaurant', 'there', '.')","('0', '0', '0', '0', '0', '0', '0', '0', '0', '0', '1', '0', '0', '0', '0', '0', '0', '0', '0', '0', '0')","('-1', '-1', '-1', '-1', '-1', '-1', '-1', '-1', '-1', '-1', '2', '-1', '-1', '-1', '-1', '-1', '-1', '-1', '-1', '-1', '-1')"
"('Probably', 'much', 'busier', 'for', 'lunch', ',', 'it', '""s""', 'seldom', 'crowded', 'for', 'dinner', '-LRB-', 'too', 'close', 'to', 'downtown', '-RRB-', '.')","('0', '0', '0', '0', '1', '0', '0', '0', '0', '0', '0', '1', '0', '0', '0', '0', '0', '0', '0')","('-1', '-1', '-1', '-1', '1', '-1', '-1', '-1', '-1', '-1', '-1', '-1', '-1', '-1', '-1', '-1', '-1', '-1', '-1')"
"('my', 'picks', 'are', ':', '-', 'Scallion', 'Pancake', '-LRB-', 'fried', 'with', 'vegetable', 'juice', ',', 'very', 'special', 'and', 'tasty', '-RRB-', '-', 'Guizhou', 'Chicken', '-', 'Shredded', 'Squid', 'Family', 'Style', '-LRB-', 'one', 'of', 'my', 'personal', 'favorites', '-RRB-', '-', 'Sichuan', 'Spicy', 'Soft', 'Shell', 'Crab', '-', 'Shuizhu', 'Fish', '-LRB-', 'this', 'one', 'is', 'for', 'hardcore', 'Sichuan', 'food', 'fans', ',', 'I', 'would', '""nt""', 'recommend', 'to', 'my', 'American', 'friends', 'as', 'it', '""s""', 'very', 'spicy', '.')","('0', '0', '0', '0', '0', '1', '2', '0', '0', '0', '1', '2', '0', '0', '0', '0', '0', '0', '0', '1', '2', '0', '1', '2', '2', '2', '0', '0', '0', '0', '0', '0', '0', '0', '1', '2', '2', '2', '2', '0', '1', '2', '0', '0', '0', '0', '0', '0', '1', '2', '0', '0', '0', '0', '0', '0', '0', '0', '0', '0', '0', '0', '0', '0', '0', '0')","('-1', '-1', '-1', '-1', '-1', '-1', '-1', '-1', '-1', '-1', '-1', '-1', '-1', '-1', '-1', '-1', '-1', '-1', '-1', '-1', '-1', '-1', '-1', '-1', '-1', '-1', '-1', '-1', '-1', '-1', '-1', '-1', '-1', '-1', '-1', '-1', '-1', '-1', '-1', '-1', '-1', '-1', '-1', '-1', '-1', '-1', '-1', '-1', '1', '1', '-1', '-1', '-1', '-1', '-1', '-1', '-1', '-1', '-1', '-1', '-1', '-1', '-1', '-1', '-1', '-1')"
"('good', 'music', ',', 'great', 'food', ',', 'speedy', 'service', 'affordable', 'prices', '.')","('0', '1', '0', '0', '1', '0', '0', '1', '0', '1', '0')","('-1', '-1', '-1', '-1', '-1', '-1', '-1', '-1', '-1', '2', '-1')"
"('My', 'turkey', 'burger', 'was', 'not', 'cooked', 'at', 'all', ',', 'my', 'friends', 'salmon', 'was', 'completely', 'raw', '.')","('0', '1', '2', '0', '0', '0', '0', '0', '0', '0', '0', '1', '0', '0', '0', '0')","('-1', '-1', '-1', '-1', '-1', '-1', '-1', '-1', '-1', '-1', '-1', '0', '-1', '-1', '-1', '-1')"
"('Try', 'the', 'chocolate', 'mud', 'cake', '-LRB-', 'warmed', '-RRB-', 'with', '2', 'scoops', 'of', 'dulce', 'de', 'leche', 'gelato', '.')","('0', '0', '0', '0', '0', '0', '0', '0', '0', '0', '0', '0', '1', '2', '2', '2', '0')","('-1', '-1', '-1', '-1', '-1', '-1', '-1', '-1', '-1', '-1', '-1', '-1', '2', '2', '2', '2', '-1')"
"('Luckily', 'we', 'saved', 'room', 'for', 'the', 'BBQ', 'Salmon', ',', 'Sea', 'Bass', 'and', 'Crispy', 'Duck', '.')","('0', '0', '0', '0', '0', '0', '1', '2', '0', '1', '2', '0', '1', '2', '0')","('-1', '-1', '-1', '-1', '-1', '-1', '2', '2', '-1', '-1', '-1', '-1', '-1', '-1', '-1')"
"('Stick', 'to', 'the', 'gulab', 'jamun', '.')","('0', '0', '0', '1', '2', '0')","('-1', '-1', '-1', '2', '2', '-1')"
"('First', 'off', ',', 'the', 'waitress', 'was', 'completely', 'unattentive', 'the', '2', 'times', 'we', 'saw', 'her', '-LRB-', 'odd', 'in', 'a', 'restaurant', 'with', '6', 'tables', '-RRB-', 'and', 'got', 'our', 'order', 'wrong', '.')","('0', '0', '0', '0', '1', '0', '0', '0', '0', '0', '0', '0', '0', '0', '0', '0', '0', '0', '0', '0', '0', '1', '0', '0', '0', '0', '0', '0', '0')","('-1', '-1', '-1', '-1', '-1', '-1', '-1', '-1', '-1', '-1', '-1', '-1', '-1', '-1', '-1', '-1', '-1', '-1', '-1', '-1', '-1', '1', '-1', '-1', '-1', '-1', '-1', '-1', '-1')"
"('We', 'visited', 'Bread', 'Bar', 'during', 'January', 'restaurant', 'week', 'and', 'were', 'so', 'pleased', 'with', 'the', 'menu', 'selections', 'and', 'service', '.')","('0', '0', '0', '0', '0', '0', '0', '0', '0', '0', '0', '0', '0', '0', '1', '2', '0', '1', '0')","('-1', '-1', '-1', '-1', '-1', '-1', '-1', '-1', '-1', '-1', '-1', '-1', '-1', '-1', '-1', '-1', '-1', '2', '-1')"
"('The', 'drinks', 'are', 'a', 'saving', 'grace', ',', 'but', 'service', 'staff', ',', 'please', ',', 'get', 'over', 'yourselves', '.')","('0', '1', '0', '0', '0', '0', '0', '0', '1', '2', '0', '0', '0', '0', '0', '0', '0')","('-1', '2', '-1', '-1', '-1', '-1', '-1', '-1', '-1', '-1', '-1', '-1', '-1', '-1', '-1', '-1', '-1')"
"('We', 'have', 'never', 'had', 'any', 'problems', 'with', 'charging', 'the', 'meal', 'or', 'the', 'tip', ',', 'and', 'the', 'food', 'was', 'delivered', 'quickly', ',', 'but', 'we', 'live', 'only', 'a', 'few', 'minutes', 'walk', 'from', 'them', '.')","('0', '0', '0', '0', '0', '0', '0', '0', '0', '1', '0', '0', '1', '0', '0', '0', '1', '0', '0', '0', '0', '0', '0', '0', '0', '0', '0', '0', '0', '0', '0', '0')","('-1', '-1', '-1', '-1', '-1', '-1', '-1', '-1', '-1', '2', '-1', '-1', '-1', '-1', '-1', '-1', '-1', '-1', '-1', '-1', '-1', '-1', '-1', '-1', '-1', '-1', '-1', '-1', '-1', '-1', '-1', '-1')"
"('The', 'service', 'was', 'fast', 'and', 'friendly', 'and', 'the', 'food', 'was', 'very', 'tasty', 'and', 'they', 'had', 'the', 'best', 'hot', 'sauce', 'to', 'add', 'to', 'your', 'meals', '.')","('0', '1', '0', '0', '0', '0', '0', '0', '1', '0', '0', '0', '0', '0', '0', '0', '0', '1', '2', '0', '0', '0', '0', '1', '0')","('-1', '-1', '-1', '-1', '-1', '-1', '-1', '-1', '-1', '-1', '-1', '-1', '-1', '-1', '-1', '-1', '-1', '2', '2', '-1', '-1', '-1', '-1', '-1', '-1')"
"('I', 'am', 'amazed', 'by', 'the', 'poor', 'reviews', '-', 'I', 'find', 'this', 'place', 'to', 'be', 'standout', 'Italian', 'in', 'an', 'area', 'flooded', 'with', 'Italian', '-', 'great', 'prices', ',', 'great', 'atmosphere', ',', 'good', 'service', 'and', 'a', 'wonderful', 'wine', 'list', '.')","('0', '0', '0', '0', '0', '0', '0', '0', '0', '0', '0', '0', '0', '0', '0', '0', '0', '0', '0', '0', '0', '0', '0', '0', '1', '0', '0', '1', '0', '0', '1', '0', '0', '0', '1', '2', '0')","('-1', '-1', '-1', '-1', '-1', '-1', '-1', '-1', '-1', '-1', '-1', '-1', '-1', '-1', '-1', '-1', '-1', '-1', '-1', '-1', '-1', '-1', '-1', '-1', '-1', '-1', '-1', '-1', '-1', '-1', '-1', '-1', '-1', '-1', '2', '2', '-1')"
"('Unfortunately', ',', 'the', 'food', 'is', 'outstanding', ',', 'but', 'everything', 'else', 'about', 'this', 'restaurant', 'is', 'the', 'pits', '.')","('0', '0', '0', '1', '0', '0', '0', '0', '0', '0', '0', '0', '0', '0', '0', '0', '0')","('-1', '-1', '-1', '2', '-1', '-1', '-1', '-1', '-1', '-1', '-1', '-1', '-1', '-1', '-1', '-1', '-1')"
"('The', '$', '300', 'bill', 'was', 'a', 'bit', 'steep', ',', 'but', 'the', 'experience', 'was', 'great', '.')","('0', '0', '0', '1', '0', '0', '0', '0', '0', '0', '0', '0', '0', '0', '0')","('-1', '-1', '-1', '0', '-1', '-1', '-1', '-1', '-1', '-1', '-1', '-1', '-1', '-1', '-1')"
"('While', 'I', 'quite', 'liked', 'the', 'food', 'and', 'the', 'ambience', ',', 'I', '""m""', 'not', 'quite', 'sure', 'if', 'it', 'they', 'really', 'deserve', 'it', 'the', 'Michelin', 'rating', 'they', 'have', 'displayed', 'so', 'prooudly', 'in', 'the', 'window', '.')","('0', '0', '0', '0', '0', '1', '0', '0', '1', '0', '0', '0', '0', '0', '0', '0', '0', '0', '0', '0', '0', '0', '0', '0', '0', '0', '0', '0', '0', '0', '0', '0', '0')","('-1', '-1', '-1', '-1', '-1', '2', '-1', '-1', '-1', '-1', '-1', '-1', '-1', '-1', '-1', '-1', '-1', '-1', '-1', '-1', '-1', '-1', '-1', '-1', '-1', '-1', '-1', '-1', '-1', '-1', '-1', '-1', '-1')"
"('I', 'understand', 'the', 'area', 'and', 'folks', 'you', 'need', 'not', 'come', 'here', 'for', 'the', 'romantic', ',', 'alluring', 'ambiance', 'or', 'the', 'five', 'star', 'service', 'featuring', 'a', 'sommlier', 'and', 'a', 'complicated', 'maze', 'of', 'captain', 'and', 'back', 'waiters', '-', 'you', 'come', 'for', 'the', 'authentic', 'foods', ',', 'the', 'tastes', ',', 'the', 'experiance', '.')","('0', '0', '0', '0', '0', '0', '0', '0', '0', '0', '0', '0', '0', '0', '0', '0', '1', '0', '0', '0', '0', '1', '0', '0', '1', '0', '0', '0', '0', '0', '1', '0', '1', '2', '0', '0', '0', '0', '0', '0', '1', '0', '0', '1', '0', '0', '0', '0')","('-1', '-1', '-1', '-1', '-1', '-1', '-1', '-1', '-1', '-1', '-1', '-1', '-1', '-1', '-1', '-1', '-1', '-1', '-1', '-1', '-1', '-1', '-1', '-1', '-1', '-1', '-1', '-1', '-1', '-1', '-1', '-1', '2', '2', '-1', '-1', '-1', '-1', '-1', '-1', '-1', '-1', '-1', '-1', '-1', '-1', '-1', '-1')"
"('The', 'food', 'was', 'terrific', 'and', 'the', 'service', 'classy', ',', 'attentive', ',', 'without', 'being', 'overbearing', '.')","('0', '1', '0', '0', '0', '0', '1', '0', '0', '0', '0', '0', '0', '0', '0')","('-1', '2', '-1', '-1', '-1', '-1', '-1', '-1', '-1', '-1', '-1', '-1', '-1', '-1', '-1')"
"('If', 'you', 'want', 'some', 'roast', 'duck', ',', 'pork', 'or', 'chicken', 'on', 'rice', 'with', 'ginger', ',', 'try', 'them', 'out', '!')","('0', '0', '0', '0', '1', '2', '0', '1', '0', '1', '2', '2', '2', '2', '0', '0', '0', '0', '0')","('-1', '-1', '-1', '-1', '-1', '-1', '-1', '-1', '-1', '2', '2', '2', '2', '2', '-1', '-1', '-1', '-1', '-1')"
"('Complimentary', 'stuff', 'kept', 'coming', ',', 'and', 'when', 'the', 'waiter', 'saw', 'me', 'opening', 'a', 'gift', ',', 'I', 'received', 'my', 'dessert', 'on', 'a', 'plate', 'that', 'had', 'Happy', 'Birthday', 'written', 'on', 'it', ',', 'with', 'a', 'candlevery', 'nice', 'touch', ',', 'and', 'attentive', 'staff', '.')","('0', '1', '0', '0', '0', '0', '0', '0', '1', '0', '0', '0', '0', '0', '0', '0', '0', '0', '1', '0', '0', '0', '0', '0', '0', '0', '0', '0', '0', '0', '0', '0', '0', '0', '0', '0', '0', '0', '1', '0')","('-1', '-1', '-1', '-1', '-1', '-1', '-1', '-1', '2', '-1', '-1', '-1', '-1', '-1', '-1', '-1', '-1', '-1', '-1', '-1', '-1', '-1', '-1', '-1', '-1', '-1', '-1', '-1', '-1', '-1', '-1', '-1', '-1', '-1', '-1', '-1', '-1', '-1', '-1', '-1')"
"('The', 'Halibut', 'was', 'too', 'salty', ',', 'dessert', 'was', 'so', 'so', '-LRB-', 'do', '""nt""', 'waste', 'any', 'of', 'your', 'calories', '-RRB-', 'and', 'service', 'was', 'poor', '.')","('0', '1', '0', '0', '0', '0', '1', '0', '0', '0', '0', '0', '0', '0', '0', '0', '0', '0', '0', '0', '1', '0', '0', '0')","('-1', '-1', '-1', '-1', '-1', '-1', '1', '-1', '-1', '-1', '-1', '-1', '-1', '-1', '-1', '-1', '-1', '-1', '-1', '-1', '-1', '-1', '-1', '-1')"
"('I', 'have', 'never', 'better', 'enjoyed', 'humble', 'root', 'vegetables', 'or', 'a', 'mushroom', 'consomme', '-', 'and', 'this', 'chef', 'accomplishes', 'without', 'fats', '.')","('0', '0', '0', '0', '0', '0', '1', '2', '0', '0', '1', '2', '0', '0', '0', '1', '0', '0', '0', '0')","('-1', '-1', '-1', '-1', '-1', '-1', '-1', '-1', '-1', '-1', '2', '2', '-1', '-1', '-1', '-1', '-1', '-1', '-1', '-1')"
"('The', 'fish', 'is', 'fresh', 'and', 'each', 'piece', 'is', 'sliced', 'to', 'perfection', 'and', 'seasoned', 'by', 'the', 'sushi', 'chef', '-LRB-', 'usually', 'with', 'a', 'little', 'fresh', 'wasabi', 'and', 'soy', 'sauce', 'but', 'also', 'sometimes', 'with', 'some', 'sea', 'salt', '-RRB-', '.')","('0', '1', '0', '0', '0', '0', '0', '0', '0', '0', '0', '0', '0', '0', '0', '1', '2', '0', '0', '0', '0', '0', '0', '1', '0', '1', '2', '0', '0', '0', '0', '0', '1', '2', '0', '0')","('-1', '-1', '-1', '-1', '-1', '-1', '-1', '-1', '-1', '-1', '-1', '-1', '-1', '-1', '-1', '2', '2', '-1', '-1', '-1', '-1', '-1', '-1', '-1', '-1', '-1', '-1', '-1', '-1', '-1', '-1', '-1', '-1', '-1', '-1', '-1')"
"('Everything', ',', 'from', 'the', 'soft', 'bread', ',', 'soggy', 'salad', ',', 'and', '50', 'minute', 'wait', 'time', ',', 'with', 'an', 'incredibly', 'rude', 'service', 'to', 'deliver', 'below', 'average', 'food', '.')","('0', '0', '0', '0', '0', '1', '0', '0', '1', '0', '0', '0', '0', '1', '0', '0', '0', '0', '0', '0', '1', '0', '0', '0', '0', '1', '0')","('-1', '-1', '-1', '-1', '-1', '-1', '-1', '-1', '-1', '-1', '-1', '-1', '-1', '0', '-1', '-1', '-1', '-1', '-1', '-1', '-1', '-1', '-1', '-1', '-1', '-1', '-1')"
"('This', 'is', 'the', 'perfect', 'date', 'spot', 'for', 'Williamsburg', 'couples', '.')","('0', '0', '0', '0', '1', '2', '0', '0', '0', '0')","('-1', '-1', '-1', '-1', '2', '2', '-1', '-1', '-1', '-1')"
"('Great', 'food', 'at', 'REASONABLE', 'prices', ',', 'makes', 'for', 'an', 'evening', 'that', 'ca', '""nt""', 'be', 'beat', '!')","('0', '1', '0', '0', '1', '0', '0', '0', '0', '0', '0', '0', '0', '0', '0', '0')","('-1', '-1', '-1', '-1', '2', '-1', '-1', '-1', '-1', '-1', '-1', '-1', '-1', '-1', '-1', '-1')"
"('this', 'little', 'place', 'has', 'a', 'cute', 'interior', 'decor', 'and', 'affordable', 'city', 'prices', '.')","('0', '0', '0', '0', '0', '0', '1', '2', '0', '0', '0', '1', '0')","('-1', '-1', '-1', '-1', '-1', '-1', '2', '2', '-1', '-1', '-1', '-1', '-1')"
"('They', 'even', 'have', 'a', 'section', 'in', 'the', 'menu', 'called', 'American', 'Chinese', 'food', '!')","('0', '0', '0', '0', '0', '0', '0', '1', '0', '1', '2', '2', '0')","('-1', '-1', '-1', '-1', '-1', '-1', '-1', '0', '-1', '-1', '-1', '-1', '-1')"
"('The', 'service', 'was', 'impeccable', 'and', 'unobtrusive', '--', 'the', 'staff', 'knows', 'what', 'they', 'are', 'there', 'to', 'do', '--', 'to', 'know', 'their', 'menu', ',', 'present', 'your', 'meal', ',', 'and', 'attend', 'to', 'your', 'needs', '.')","('0', '1', '0', '0', '0', '0', '0', '0', '1', '0', '0', '0', '0', '0', '0', '0', '0', '0', '0', '0', '1', '0', '0', '0', '1', '0', '0', '0', '0', '0', '0', '0')","('-1', '-1', '-1', '-1', '-1', '-1', '-1', '-1', '2', '-1', '-1', '-1', '-1', '-1', '-1', '-1', '-1', '-1', '-1', '-1', '-1', '-1', '-1', '-1', '-1', '-1', '-1', '-1', '-1', '-1', '-1', '-1')"
"('The', 'food', 'is', 'good', ',', 'especially', 'their', 'more', 'basic', 'dishes', ',', 'and', 'the', 'drinks', 'are', 'delicious', '.')","('0', '1', '0', '0', '0', '0', '0', '0', '0', '1', '0', '0', '0', '1', '0', '0', '0')","('-1', '-1', '-1', '-1', '-1', '-1', '-1', '-1', '-1', '2', '-1', '-1', '-1', '-1', '-1', '-1', '-1')"
"('The', 'ambience', 'is', 'very', 'calm', 'and', 'quiet', '.')","('0', '1', '0', '0', '0', '0', '0', '0')","('-1', '2', '-1', '-1', '-1', '-1', '-1', '-1')"
"('The', 'food', 'was', 'delicious', 'and', 'the', 'waiter', 'was', 'incredibly', 'helpful', 'and', 'attentive', '-LRB-', 'considering', 'we', 'were', 'the', 'only', 'ones', 'there', 'for', 'the', 'first', 'hour', '-RRB-', '.')","('0', '1', '0', '0', '0', '0', '1', '0', '0', '0', '0', '0', '0', '0', '0', '0', '0', '0', '0', '0', '0', '0', '0', '0', '0', '0')","('-1', '2', '-1', '-1', '-1', '-1', '-1', '-1', '-1', '-1', '-1', '-1', '-1', '-1', '-1', '-1', '-1', '-1', '-1', '-1', '-1', '-1', '-1', '-1', '-1', '-1')"
"('But', 'do', '""nt""', 'ever', 'order', 'bacon', 'late', 'at', 'nite', '-LRB-', 'either', 'platter', 'or', 'in', 'sandwiches', ',', 'for', 'that', 'matter', 'do', '""nt""', 'from', 'any', 'take', 'out', 'place', '-RRB-', 'as', 'it', 'is', 'from', 'the', 'morning', 'frying', 'turns', 'out', 'hard', 'almost', 'like', 'bacos', ',', 'hurt', 'my', 'molars', '.')","('0', '0', '0', '0', '0', '1', '0', '0', '0', '0', '0', '1', '0', '1', '2', '0', '0', '0', '0', '0', '0', '0', '0', '0', '0', '0', '0', '0', '0', '0', '0', '0', '0', '1', '0', '0', '0', '0', '0', '1', '0', '0', '0', '0', '0')","('-1', '-1', '-1', '-1', '-1', '-1', '-1', '-1', '-1', '-1', '-1', '-1', '-1', '0', '0', '-1', '-1', '-1', '-1', '-1', '-1', '-1', '-1', '-1', '-1', '-1', '-1', '-1', '-1', '-1', '-1', '-1', '-1', '-1', '-1', '-1', '-1', '-1', '-1', '-1', '-1', '-1', '-1', '-1', '-1')"
"('Great', 'bar', ',', 'most', 'gorgeous', 'bartenders', 'you', '""ve""', 'ever', 'seen', '-LRB-', 'specifically', 'the', 'blond', 'lady', '-RRB-', '.')","('0', '1', '0', '0', '0', '1', '0', '0', '0', '0', '0', '0', '0', '0', '0', '0', '0')","('-1', '2', '-1', '-1', '-1', '-1', '-1', '-1', '-1', '-1', '-1', '-1', '-1', '-1', '-1', '-1', '-1')"
"('The', 'food', 'is', 'fresh', ',', 'delicious', ',', 'and', 'reasonably', 'priced', '.')","('0', '1', '0', '0', '0', '0', '0', '0', '0', '1', '0')","('-1', '2', '-1', '-1', '-1', '-1', '-1', '-1', '-1', '-1', '-1')"
"('Three', 'courses', '-', 'choices', 'include', 'excellent', 'mussels', ',', 'puff', 'pastry', 'goat', 'cheese', 'and', 'salad', 'with', 'a', 'delicious', 'dressing', ',', 'and', 'a', 'hanger', 'steak', 'au', 'poivre', 'that', 'is', 'out', 'of', 'this', 'world', '.')","('0', '1', '0', '0', '0', '0', '1', '0', '1', '2', '2', '2', '0', '1', '2', '2', '2', '2', '0', '0', '0', '1', '2', '2', '2', '0', '0', '0', '0', '0', '0', '0')","('-1', '1', '-1', '-1', '-1', '-1', '-1', '-1', '-1', '-1', '-1', '-1', '-1', '-1', '-1', '-1', '-1', '-1', '-1', '-1', '-1', '-1', '-1', '-1', '-1', '-1', '-1', '-1', '-1', '-1', '-1', '-1')"
"('We', 'shared', 'a', 'bottle', 'of', 'sake', ',', 'an', 'order', 'of', 'edamames', ',', 'and', 'she', 'had', 'the', 'sushi', 'plate', 'while', 'I', 'had', 'the', 'sashimi', '.')","('0', '0', '0', '1', '2', '2', '0', '0', '0', '0', '1', '0', '0', '0', '0', '0', '1', '2', '0', '0', '0', '0', '1', '0')","('-1', '-1', '-1', '-1', '-1', '-1', '-1', '-1', '-1', '-1', '-1', '-1', '-1', '-1', '-1', '-1', '-1', '-1', '-1', '-1', '-1', '-1', '1', '-1')"
"('However', ',', 'in', 'the', 'summer', 'of', '2003', ',', 'it', 'seems', 'the', 'management', 'has', 'changed', 'and', 'the', 'great', 'big', 'door', 'has', 'been', 'replaced', 'for', 'a', 'glass', 'front', 'ridding', 'itself', 'of', 'the', 'dark', 'romantic', 'getup', '.')","('0', '0', '0', '0', '0', '0', '0', '0', '0', '0', '0', '1', '0', '0', '0', '0', '0', '0', '1', '0', '0', '0', '0', '0', '1', '2', '0', '0', '0', '0', '0', '0', '0', '0')","('-1', '-1', '-1', '-1', '-1', '-1', '-1', '-1', '-1', '-1', '-1', '-1', '-1', '-1', '-1', '-1', '-1', '-1', '-1', '-1', '-1', '-1', '-1', '-1', '0', '0', '-1', '-1', '-1', '-1', '-1', '-1', '-1', '-1')"
"('But', 'they', '""ve""', 'done', 'a', 'really', 'nice', 'job', 'of', 'offering', 'all', 'the', 'typical', 'pizzeria', 'faves', 'plus', 'some', 'terrific', 'specials', 'like', 'the', 'Godmother', 'pizza', '(a', 'sort', 'of', 'traditional', 'flat', 'pizza', 'with', 'an', 'olive', 'oil-brushed', 'crust', 'and', 'less', 'tomato', 'sauce', 'than', 'usual)', '.')","('0', '0', '0', '0', '0', '0', '0', '0', '0', '0', '0', '0', '0', '0', '0', '0', '0', '0', '0', '0', '0', '1', '2', '2', '2', '2', '2', '2', '2', '2', '2', '2', '2', '2', '2', '2', '2', '2', '2', '2', '0')","('-1', '-1', '-1', '-1', '-1', '-1', '-1', '-1', '-1', '-1', '-1', '-1', '-1', '-1', '-1', '-1', '-1', '-1', '-1', '-1', '-1', '2', '2', '2', '2', '2', '2', '2', '2', '2', '2', '2', '2', '2', '2', '2', '2', '2', '2', '2', '-1')"
"('The', 'waiters', 'and', 'owners', 'were', 'nonchalant', 'about', 'this', 'and', 'promised', 'to', 'call', 'the', 'exterminator', 'but', 'were', '""nt""', 'as', 'dismayed', 'or', 'apologetic', 'as', 'I', 'would', 'have', 'expected', '.')","('0', '1', '0', '1', '0', '0', '0', '0', '0', '0', '0', '0', '0', '0', '0', '0', '0', '0', '0', '0', '0', '0', '0', '0', '0', '0', '0')","('-1', '0', '-1', '-1', '-1', '-1', '-1', '-1', '-1', '-1', '-1', '-1', '-1', '-1', '-1', '-1', '-1', '-1', '-1', '-1', '-1', '-1', '-1', '-1', '-1', '-1', '-1')"
"('The', 'dining', 'room', 'is', 'quietly', 'elegant', 'with', 'no', 'music', 'to', 'shout', 'over', '--', 'how', 'refreshing', '!')","('0', '1', '2', '0', '0', '0', '0', '0', '1', '0', '0', '0', '0', '0', '0', '0')","('-1', '-1', '-1', '-1', '-1', '-1', '-1', '-1', '2', '-1', '-1', '-1', '-1', '-1', '-1', '-1')"
"('The', 'well', 'mannered', ',', 'pleasant', 'staff', 'that', 'Tony', 'has', 'in', 'his', 'employ', '.')","('0', '0', '0', '0', '0', '1', '0', '0', '0', '0', '0', '0', '0')","('-1', '-1', '-1', '-1', '-1', '2', '-1', '-1', '-1', '-1', '-1', '-1', '-1')"
"('The', 'duck', 'confit', 'is', 'always', 'amazing', 'and', 'the', 'foie', 'gras', 'terrine', 'with', 'figs', 'was', 'out', 'of', 'this', 'world', '.')","('0', '1', '2', '0', '0', '0', '0', '0', '1', '2', '2', '2', '2', '0', '0', '0', '0', '0', '0')","('-1', '2', '2', '-1', '-1', '-1', '-1', '-1', '-1', '-1', '-1', '-1', '-1', '-1', '-1', '-1', '-1', '-1', '-1')"
"('The', 'food', ',', 'served', 'in', 'small', 'tasting', 'portions', '-LRB-', 'as', 'an', 'option', '-RRB-', 'is', 'very', 'good', 'with', 'each', 'dish', 'being', 'better', 'than', 'the', 'next', '.')","('0', '1', '0', '1', '0', '0', '0', '1', '0', '0', '0', '0', '0', '0', '0', '0', '0', '0', '1', '0', '0', '0', '0', '0', '0')","('-1', '-1', '-1', '-1', '-1', '-1', '-1', '2', '-1', '-1', '-1', '-1', '-1', '-1', '-1', '-1', '-1', '-1', '-1', '-1', '-1', '-1', '-1', '-1', '-1')"
"('The', 'food', 'is', 'tasty', 'and', 'portion', 'sizes', 'are', 'appropriate', '.')","('0', '1', '0', '0', '0', '1', '2', '0', '0', '0')","('-1', '2', '-1', '-1', '-1', '-1', '-1', '-1', '-1', '-1')"
"('The', 'mussaman', 'curry', 'that', 'I', 'ordered', 'was', 'as', 'thin', 'as', 'water', 'and', 'aside', 'from', 'the', 'poorly', 'fried', 'tofu', 'that', 'I', 'ordered', 'in', 'it', ',', 'they', 'graciously', 'provided', 'me', 'with', 'ONE', 'piece', 'of', 'poorly', 'cooked', 'potato', '.')","('0', '1', '2', '0', '0', '0', '0', '0', '0', '0', '0', '0', '0', '0', '0', '0', '1', '2', '0', '0', '0', '0', '0', '0', '0', '0', '0', '0', '0', '0', '0', '0', '0', '0', '1', '0')","('-1', '0', '0', '-1', '-1', '-1', '-1', '-1', '-1', '-1', '-1', '-1', '-1', '-1', '-1', '-1', '-1', '-1', '-1', '-1', '-1', '-1', '-1', '-1', '-1', '-1', '-1', '-1', '-1', '-1', '-1', '-1', '-1', '-1', '-1', '-1')"
"('Good', 'luck', 'getting', 'a', 'table', '.')","('0', '0', '1', '2', '2', '0')","('-1', '-1', '0', '0', '0', '-1')"
"('We', 'ended', 'the', 'dinner', 'with', 'a', 'surprisingly', 'light', 'and', 'flaky', 'apple', 'tarte', 'tatin', '.')","('0', '0', '0', '1', '0', '0', '0', '0', '0', '0', '1', '2', '2', '0')","('-1', '-1', '-1', '-1', '-1', '-1', '-1', '-1', '-1', '-1', '2', '2', '2', '-1')"
"('And', 'at', 'the', 'conclusion', 'of', 'this', 'culinary', 'nightmare', 'the', 'check', 'was', 'given', 'to', 'our', 'table', 'by', 'knocking', 'over', 'a', 'glass', 'of', 'water', '.')","('0', '0', '0', '0', '0', '0', '0', '0', '0', '1', '0', '0', '0', '0', '1', '0', '0', '0', '0', '1', '2', '2', '0')","('-1', '-1', '-1', '-1', '-1', '-1', '-1', '-1', '-1', '-1', '-1', '-1', '-1', '-1', '1', '-1', '-1', '-1', '-1', '-1', '-1', '-1', '-1')"
"('This', 'place', 'has', 'good', 'potential', ',', 'but', 'needs', 'a', 'significant', 'amount', 'of', 'work', 'before', 'we', 'can', 'justify', 'spending', 'that', 'much', 'money', 'on', 'indian', 'food', 'you', 'can', 'get', 'everywhere', 'else', '.')","('0', '0', '0', '0', '0', '0', '0', '0', '0', '0', '0', '0', '0', '0', '0', '0', '0', '0', '0', '0', '1', '0', '1', '2', '0', '0', '0', '0', '0', '0')","('-1', '-1', '-1', '-1', '-1', '-1', '-1', '-1', '-1', '-1', '-1', '-1', '-1', '-1', '-1', '-1', '-1', '-1', '-1', '-1', '0', '-1', '-1', '-1', '-1', '-1', '-1', '-1', '-1', '-1')"
"('Other', 'apetizers', 'and', 'food')","('0', '1', '0', '1')","('-1', '-1', '-1', '1')"
"('This', 'is', 'the', 'perfect', 'spot', 'for', 'meeting', 'friends', ',', 'having', 'lunch', ',', 'dinner', ',', 'pre-theatre', 'or', 'after-theatre', 'drinks', '!')","('0', '0', '0', '0', '1', '0', '0', '0', '0', '0', '1', '0', '1', '0', '1', '2', '2', '2', '0')","('-1', '-1', '-1', '-1', '2', '-1', '-1', '-1', '-1', '-1', '-1', '-1', '-1', '-1', '-1', '-1', '-1', '-1', '-1')"
"('Having', 'not', 'been', 'home', 'in', 'the', 'last', '2', 'years', 'may', 'skew', 'this', 'reviewer', 'a', 'bit', ',', 'but', 'the', 'food', 'was', 'tasty', 'and', 'spicy', 'sans', 'the', 'oil', 'that', 'comes', 'floating', 'along', 'at', 'similar', 'venues', '.')","('0', '0', '0', '0', '0', '0', '0', '0', '0', '0', '0', '0', '0', '0', '0', '0', '0', '0', '1', '0', '0', '0', '0', '0', '0', '1', '0', '0', '0', '0', '0', '0', '0', '0')","('-1', '-1', '-1', '-1', '-1', '-1', '-1', '-1', '-1', '-1', '-1', '-1', '-1', '-1', '-1', '-1', '-1', '-1', '2', '-1', '-1', '-1', '-1', '-1', '-1', '-1', '-1', '-1', '-1', '-1', '-1', '-1', '-1', '-1')"
"('Both', 'the', 'fresh', 'mozzerella', 'slices', 'and', 'the', 'Plain', 'Cheese', 'slice', 'are', 'phenomenal', '.')","('0', '0', '1', '2', '2', '0', '0', '1', '2', '2', '0', '0', '0')","('-1', '-1', '-1', '-1', '-1', '-1', '-1', '2', '2', '2', '-1', '-1', '-1')"
"('The', 'drinks', 'are', 'always', 'welll', 'made', 'and', 'wine', 'selection', 'is', 'fairly', 'priced', '.')","('0', '1', '0', '0', '0', '0', '0', '1', '2', '0', '0', '1', '0')","('-1', '-1', '-1', '-1', '-1', '-1', '-1', '1', '1', '-1', '-1', '-1', '-1')"
"('You', 'must', 'try', 'the', 'shrimp', 'appetizers', '.')","('0', '0', '0', '0', '1', '2', '0')","('-1', '-1', '-1', '-1', '2', '2', '-1')"
"('I', 'do', '""nt""', 'know', 'who', 'they', 'think', 'they', 'are', 'but', 'they', 'have', 'no', 'respect', 'for', 'the', 'residents', 'of', 'the', 'neighborhood', 'ever', 'since', 'they', 'opened', 'their', 'cabaret', 'next', 'door', 'and', 'blasts', 'loud', 'music', 'till', 'three', 'in', 'the', 'morning', 'every', 'weekend', 'during', 'the', 'summer', '.')","('0', '0', '0', '0', '0', '0', '0', '0', '0', '0', '0', '0', '0', '0', '0', '0', '0', '0', '0', '0', '0', '0', '0', '0', '0', '0', '0', '0', '0', '0', '0', '1', '0', '0', '0', '0', '0', '0', '0', '0', '0', '0', '0')","('-1', '-1', '-1', '-1', '-1', '-1', '-1', '-1', '-1', '-1', '-1', '-1', '-1', '-1', '-1', '-1', '-1', '-1', '-1', '-1', '-1', '-1', '-1', '-1', '-1', '-1', '-1', '-1', '-1', '-1', '-1', '0', '-1', '-1', '-1', '-1', '-1', '-1', '-1', '-1', '-1', '-1', '-1')"
"('Quality', 'of', 'food', 'is', 'excellent', 'and', 'price', 'is', 'cheap', ',', 'stick', 'to', 'pork', ',', 'fish', ',', 'chicken', ',', 'lamb', 'and', 'vegetables', '.')","('1', '2', '2', '0', '0', '0', '1', '0', '0', '0', '0', '0', '1', '0', '1', '0', '1', '0', '1', '0', '1', '0')","('-1', '-1', '-1', '-1', '-1', '-1', '-1', '-1', '-1', '-1', '-1', '-1', '-1', '-1', '-1', '-1', '-1', '-1', '-1', '-1', '2', '-1')"
"('A', '+', '+', 'The', 'service', 'was', 'good', 'to', 'excellent', 'along', 'with', 'the', 'attitude', '.')","('0', '0', '0', '0', '1', '0', '0', '0', '0', '0', '0', '0', '1', '0')","('-1', '-1', '-1', '-1', '2', '-1', '-1', '-1', '-1', '-1', '-1', '-1', '-1', '-1')"
"('I', 'was', '""nt""', 'there', 'for', 'the', 'Half-Price', 'Saturday', 'Night', 'Special', ',', 'but', 'Tuesday', 'Night', '.')","('0', '0', '0', '0', '0', '0', '1', '2', '2', '2', '0', '0', '0', '0', '0')","('-1', '-1', '-1', '-1', '-1', '-1', '1', '1', '1', '1', '-1', '-1', '-1', '-1', '-1')"
"('While', 'the', 'food', 'was', 'excellent', ',', 'it', 'was', '""nt""', 'cheap', '-LRB-', 'though', 'not', 'extremely', 'expensive', 'either', '-RRB-', '.')","('0', '0', '1', '0', '0', '0', '0', '0', '0', '0', '0', '0', '0', '0', '0', '0', '0', '0')","('-1', '-1', '2', '-1', '-1', '-1', '-1', '-1', '-1', '-1', '-1', '-1', '-1', '-1', '-1', '-1', '-1', '-1')"
"('Prices', 'are', 'in', 'line', '.')","('1', '0', '0', '0', '0')","('1', '-1', '-1', '-1', '-1')"
"('Check', 'it', 'out', ',', 'it', 'wo', '""nt""', 'hurt', 'your', 'stomach', 'or', 'your', 'wallet', '.')","('0', '0', '0', '0', '0', '0', '0', '0', '0', '1', '0', '0', '1', '0')","('-1', '-1', '-1', '-1', '-1', '-1', '-1', '-1', '-1', '2', '-1', '-1', '-1', '-1')"
"('A', 'glass', 'of', 'Leaping', 'Lizard', ',', 'a', 'glass', 'of', 'prosecco', ',', 'and', 'the', 'mussels', 'had', 'everything', 'happy', '.')","('0', '1', '2', '2', '2', '0', '0', '1', '2', '2', '0', '0', '0', '1', '0', '0', '0', '0')","('-1', '-1', '-1', '-1', '-1', '-1', '-1', '-1', '-1', '-1', '-1', '-1', '-1', '2', '-1', '-1', '-1', '-1')"
"('The', 'freshest', ',', 'best', 'variety', ',', 'and', 'the', 'fastest', 'delivery', '.')","('0', '0', '0', '0', '1', '0', '0', '0', '0', '1', '0')","('-1', '-1', '-1', '-1', '2', '-1', '-1', '-1', '-1', '-1', '-1')"
"('The', 'counter', 'service', 'is', 'bad', '.')","('0', '1', '2', '0', '0', '0')","('-1', '0', '0', '-1', '-1', '-1')"
"('20', 'minutes', 'for', 'our', 'reservation', 'but', 'it', 'gave', 'us', 'time', 'to', 'have', 'a', 'few', 'cocktails', 'and', 'enjoy', 'our', 'surroundings', 'and', 'each', 'other', '.')","('0', '0', '0', '0', '1', '0', '0', '0', '0', '0', '0', '0', '0', '0', '1', '0', '0', '0', '1', '0', '0', '0', '0')","('-1', '-1', '-1', '-1', '-1', '-1', '-1', '-1', '-1', '-1', '-1', '-1', '-1', '-1', '2', '-1', '-1', '-1', '-1', '-1', '-1', '-1', '-1')"
"('The', 'people', 'with', 'carts', 'of', 'food', 'do', '""nt""', 'understand', 'you', 'because', 'they', 'do', '""nt""', 'speak', 'English', ',', 'their', 'job', 'is', 'to', 'give', 'you', 'the', 'delicious', 'food', 'you', 'point', 'at', '.')","('0', '1', '2', '2', '2', '2', '0', '0', '0', '0', '0', '0', '0', '0', '0', '0', '0', '0', '0', '0', '0', '0', '0', '0', '0', '1', '0', '0', '0', '0')","('-1', '0', '0', '0', '0', '0', '-1', '-1', '-1', '-1', '-1', '-1', '-1', '-1', '-1', '-1', '-1', '-1', '-1', '-1', '-1', '-1', '-1', '-1', '-1', '-1', '-1', '-1', '-1', '-1')"
"('Good', 'French', 'restaurant', 'in', 'an', 'area', 'devoid', 'of', 'decent', 'restaurants', 'unless', 'you', '""re""', 'into', 'eating', '4', 'pound', 'pastrami', 'sandwiches', 'at', 'Katz', '""""', 'Deli', ',', 'or', 'Mexican', 'food', 'which', 'is', 'supplied', 'by', 'capable', 'restaurants', '.')","('0', '0', '0', '0', '0', '0', '0', '0', '0', '0', '0', '0', '0', '0', '0', '0', '0', '1', '2', '0', '0', '0', '0', '0', '0', '1', '2', '0', '0', '0', '0', '0', '0', '0')","('-1', '-1', '-1', '-1', '-1', '-1', '-1', '-1', '-1', '-1', '-1', '-1', '-1', '-1', '-1', '-1', '-1', '1', '1', '-1', '-1', '-1', '-1', '-1', '-1', '-1', '-1', '-1', '-1', '-1', '-1', '-1', '-1', '-1')"
"('Service', 'was', 'devine', ',', 'oysters', 'where', 'a', 'sensual', 'as', 'they', 'come', ',', 'and', 'the', 'price', 'ca', '""nt""', 'be', 'beat', '!!!')","('1', '0', '0', '0', '1', '0', '0', '0', '0', '0', '0', '0', '0', '0', '1', '0', '0', '0', '0', '0')","('2', '-1', '-1', '-1', '-1', '-1', '-1', '-1', '-1', '-1', '-1', '-1', '-1', '-1', '-1', '-1', '-1', '-1', '-1', '-1')"
"('I', '""ve""', 'dined', 'at', 'Alain', 'Ducasse', '""s""', 'restaurant', 'in', 'Monte', 'Carlo', 'for', 'half', 'the', 'price', 'for', 'the', 'same', 'excellent', 'dining', 'experience', '.')","('0', '0', '0', '0', '0', '0', '0', '0', '0', '0', '0', '0', '0', '0', '1', '0', '0', '0', '0', '1', '0', '0')","('-1', '-1', '-1', '-1', '-1', '-1', '-1', '-1', '-1', '-1', '-1', '-1', '-1', '-1', '-1', '-1', '-1', '-1', '-1', '2', '-1', '-1')"
"('It', '""s""', 'really', 'also', 'the', 'service', ',', 'is', 'good', 'and', 'the', 'waiters', 'are', 'friendly', '.')","('0', '0', '0', '0', '0', '1', '0', '0', '0', '0', '0', '1', '0', '0', '0')","('-1', '-1', '-1', '-1', '-1', '-1', '-1', '-1', '-1', '-1', '-1', '2', '-1', '-1', '-1')"
"('Last', 'time', 'I', 'went', 'here', ',', 'the', 'waitress', 'did', '""nt""', 'come', 'back', 'after', 'taking', 'our', 'order', '.')","('0', '0', '0', '0', '0', '0', '0', '1', '0', '0', '0', '0', '0', '0', '0', '0', '0')","('-1', '-1', '-1', '-1', '-1', '-1', '-1', '0', '-1', '-1', '-1', '-1', '-1', '-1', '-1', '-1', '-1')"
"('For', 'all', 'of', 'you', 'new', 'to', 'Indian', 'food', ',', 'try', 'the', 'Paneer', 'Roll', ',', 'it', 'is', 'a', 'piece', 'of', 'heaven', '.')","('0', '0', '0', '0', '0', '0', '1', '2', '0', '0', '0', '1', '2', '0', '0', '0', '0', '0', '0', '0', '0')","('-1', '-1', '-1', '-1', '-1', '-1', '-1', '-1', '-1', '-1', '-1', '2', '2', '-1', '-1', '-1', '-1', '-1', '-1', '-1', '-1')"
"('The', 'food', 'and', 'staff', 'always', 'surprise', 'me', 'with', 'the', 'new', 'heights', 'they', 'are', 'taken', 'to', '.')","('0', '1', '0', '1', '0', '0', '0', '0', '0', '0', '0', '0', '0', '0', '0', '0')","('-1', '-1', '-1', '2', '-1', '-1', '-1', '-1', '-1', '-1', '-1', '-1', '-1', '-1', '-1', '-1')"
"('Service', 'was', 'quick', '.')","('1', '0', '0', '0')","('2', '-1', '-1', '-1')"
"('They', 'need', 'a', 'kick', 'out', 'of', 'it', 'but', 'until', 'then', 'the', 'sushi', 'is', 'pretty', 'good', 'and', 'the', 'place', 'is', 'consistent', '.')","('0', '0', '0', '0', '0', '0', '0', '0', '0', '0', '0', '1', '0', '0', '0', '0', '0', '1', '0', '0', '0')","('-1', '-1', '-1', '-1', '-1', '-1', '-1', '-1', '-1', '-1', '-1', '2', '-1', '-1', '-1', '-1', '-1', '-1', '-1', '-1', '-1')"
"('We', 'were', 'told', 'that', 'they', 'were', 'booked', 'solid', 'and', 'no', 'other', 'table', 'was', 'available', '.')","('0', '0', '0', '0', '0', '0', '0', '0', '0', '0', '0', '1', '0', '0', '0')","('-1', '-1', '-1', '-1', '-1', '-1', '-1', '-1', '-1', '-1', '-1', '0', '-1', '-1', '-1')"
"('Be', 'careful', 'of', 'portions', '-', 'they', '""re""', 'HUGE', '.')","('0', '0', '0', '1', '0', '0', '0', '0', '0')","('-1', '-1', '-1', '2', '-1', '-1', '-1', '-1', '-1')"
"('I', 'found', 'the', 'food', 'to', 'be', 'outstanding', ',', 'particulary', 'the', 'salmon', 'dish', 'I', 'had', '.')","('0', '0', '0', '1', '0', '0', '0', '0', '0', '0', '1', '2', '0', '0', '0')","('-1', '-1', '-1', '2', '-1', '-1', '-1', '-1', '-1', '-1', '-1', '-1', '-1', '-1', '-1')"
"('This', 'is', 'some', 'really', 'good', ',', 'inexpensive', 'sushi', '.')","('0', '0', '0', '0', '0', '0', '0', '1', '0')","('-1', '-1', '-1', '-1', '-1', '-1', '-1', '2', '-1')"
"('We', 'visited', 'Bread', 'Bar', 'during', 'January', 'restaurant', 'week', 'and', 'were', 'so', 'pleased', 'with', 'the', 'menu', 'selections', 'and', 'service', '.')","('0', '0', '0', '0', '0', '0', '0', '0', '0', '0', '0', '0', '0', '0', '1', '2', '0', '1', '0')","('-1', '-1', '-1', '-1', '-1', '-1', '-1', '-1', '-1', '-1', '-1', '-1', '-1', '-1', '2', '2', '-1', '-1', '-1')"
"('The', 'wait', 'here', 'is', 'long', 'for', 'dim', 'sum', ',', 'but', 'if', 'you', 'do', '""nt""', 'like', 'sharing', 'tables', 'or', 'if', 'the', 'typical', 'raucous', 'dim', 'sum', 'atmosphere', 'is', 'not', 'your', 'gig', ',', 'this', 'is', 'a', 'sleek', '-LRB-', 'for', 'Chinatown', '-RRB-', 'alternative', '.')","('0', '1', '0', '0', '0', '0', '1', '2', '0', '0', '0', '0', '0', '0', '0', '0', '1', '0', '0', '0', '0', '0', '1', '2', '2', '0', '0', '0', '0', '0', '0', '0', '0', '0', '0', '0', '0', '0', '0', '0')","('-1', '-1', '-1', '-1', '-1', '-1', '-1', '-1', '-1', '-1', '-1', '-1', '-1', '-1', '-1', '-1', '-1', '-1', '-1', '-1', '-1', '-1', '1', '1', '1', '-1', '-1', '-1', '-1', '-1', '-1', '-1', '-1', '-1', '-1', '-1', '-1', '-1', '-1', '-1')"
"('-LRB-', 'food', 'was', 'delivered', 'by', 'a', 'busboy', ',', 'not', 'waiter', '-RRB-', 'We', 'got', 'no', 'cheese', 'offered', 'for', 'the', 'pasta', ',', 'our', 'water', 'and', 'wine', 'glasses', 'remained', 'EMPTY', 'our', 'entire', 'meal', ',', 'when', 'we', 'would', 'have', 'easily', 'spent', 'another', '$', '20', 'on', 'wine', '.')","('0', '1', '0', '0', '0', '0', '1', '0', '0', '1', '0', '0', '0', '0', '1', '0', '0', '0', '1', '0', '0', '1', '2', '2', '2', '0', '0', '0', '0', '1', '0', '0', '0', '0', '0', '0', '0', '0', '0', '0', '0', '1', '0')","('-1', '-1', '-1', '-1', '-1', '-1', '-1', '-1', '-1', '-1', '-1', '-1', '-1', '-1', '-1', '-1', '-1', '-1', '-1', '-1', '-1', '-1', '-1', '-1', '-1', '-1', '-1', '-1', '-1', '1', '-1', '-1', '-1', '-1', '-1', '-1', '-1', '-1', '-1', '-1', '-1', '-1', '-1')"
"('This', 'is', 'the', 'perfect', 'spot', 'for', 'meeting', 'friends', ',', 'having', 'lunch', ',', 'dinner', ',', 'pre-theatre', 'or', 'after-theatre', 'drinks', '!')","('0', '0', '0', '0', '1', '0', '0', '0', '0', '0', '1', '0', '1', '0', '1', '2', '2', '2', '0')","('-1', '-1', '-1', '-1', '-1', '-1', '-1', '-1', '-1', '-1', '-1', '-1', '-1', '-1', '2', '2', '2', '2', '-1')"
"('VT', 'is', 'what', 'baby', 'pizzas', 'hope', 'to', 'be', 'when', 'they', 'grow', 'up', '.')","('0', '0', '0', '1', '2', '0', '0', '0', '0', '0', '0', '0', '0')","('-1', '-1', '-1', '1', '1', '-1', '-1', '-1', '-1', '-1', '-1', '-1', '-1')"
"('at', 'night', ',', 'but', 'it', '""s""', 'hard', 'to', 'hear', 'your', 'own', 'conversation', 'with', 'everyone', 'else', 'competing', 'for', 'that', 'same', 'luxury', '-', 'the', 'music', 'playing', 'in', 'the', 'background', 'is', 'also', 'voluminous', '.')","('0', '0', '0', '0', '0', '0', '0', '0', '0', '0', '0', '0', '0', '0', '0', '0', '0', '0', '0', '0', '0', '0', '1', '0', '0', '0', '0', '0', '0', '0', '0')","('-1', '-1', '-1', '-1', '-1', '-1', '-1', '-1', '-1', '-1', '-1', '-1', '-1', '-1', '-1', '-1', '-1', '-1', '-1', '-1', '-1', '-1', '0', '-1', '-1', '-1', '-1', '-1', '-1', '-1', '-1')"
"('Try', 'the', 'Pad', 'Thai', ',', 'it', '""s""', 'fabulous', 'and', 'their', 'prices', 'are', 'so', 'cheap', '!')","('0', '0', '1', '2', '0', '0', '0', '0', '0', '0', '1', '0', '0', '0', '0')","('-1', '-1', '-1', '-1', '-1', '-1', '-1', '-1', '-1', '-1', '2', '-1', '-1', '-1', '-1')"
"('The', 'staff', 'is', 'accomodating', ',', 'the', 'ambiance', 'is', 'exciting', 'and', 'yet', 'relaxed', ',', 'and', 'the', 'food', 'is', 'out', 'of', 'this', 'world', '!')","('0', '1', '0', '0', '0', '0', '1', '0', '0', '0', '0', '0', '0', '0', '0', '1', '0', '0', '0', '0', '0', '0')","('-1', '-1', '-1', '-1', '-1', '-1', '-1', '-1', '-1', '-1', '-1', '-1', '-1', '-1', '-1', '2', '-1', '-1', '-1', '-1', '-1', '-1')"
"('The', 'blond', 'wood', 'decor', 'is', 'very', 'soothing', ',', 'the', 'premium', 'sake', 'is', 'excellent', 'and', 'the', 'service', 'is', 'great', '.')","('0', '1', '2', '2', '0', '0', '0', '0', '0', '0', '1', '0', '0', '0', '0', '1', '0', '0', '0')","('-1', '2', '2', '2', '-1', '-1', '-1', '-1', '-1', '-1', '-1', '-1', '-1', '-1', '-1', '-1', '-1', '-1', '-1')"
"('I', 'had', 'the', 'Pad', 'Thai', 'and', 'the', 'noodles', 'were', 'sticky', '.')","('0', '0', '0', '1', '2', '0', '0', '1', '0', '0', '0')","('-1', '-1', '-1', '0', '0', '-1', '-1', '-1', '-1', '-1', '-1')"
"('Waiters', 'tend', 'to', 'forget', 'drinks', 'completely', ',', 'food', 'portions', 'are', 'so', 'tiny', ',', 'two', 'people', 'have', 'trouble', 'sharing', 'one', 'entree', '.')","('1', '0', '0', '0', '1', '0', '0', '1', '2', '0', '0', '0', '0', '0', '0', '0', '0', '0', '0', '1', '0')","('-1', '-1', '-1', '-1', '1', '-1', '-1', '-1', '-1', '-1', '-1', '-1', '-1', '-1', '-1', '-1', '-1', '-1', '-1', '-1', '-1')"
"('the', 'drinks', 'are', 'amazing', 'and', 'half', 'off', 'till', '8pm', '.')","('0', '1', '0', '0', '0', '0', '0', '0', '0', '0')","('-1', '2', '-1', '-1', '-1', '-1', '-1', '-1', '-1', '-1')"
"('Mine', 'was', 'a', 'little', 'burnt', 'but', 'still', 'delicious', 'with', 'goat', 'cheese', 'and', 'panchetta', '-LRB-', 'raddichio', 'was', 'kind', 'of', 'bitter', 'though', '-RRB-', '.')","('0', '0', '0', '0', '0', '0', '0', '0', '0', '1', '2', '0', '1', '0', '1', '0', '0', '0', '0', '0', '0', '0')","('-1', '-1', '-1', '-1', '-1', '-1', '-1', '-1', '-1', '-1', '-1', '-1', '-1', '-1', '0', '-1', '-1', '-1', '-1', '-1', '-1', '-1')"
"('Appetizers', 'are', 'somewhere', 'around', '$', '7', 'each', 'and', 'the', 'main', 'dishes', 'are', 'between', '$', '11', 'and', '$', '16', '.')","('1', '0', '0', '0', '0', '0', '0', '0', '0', '1', '2', '0', '0', '0', '0', '0', '0', '0', '0')","('1', '-1', '-1', '-1', '-1', '-1', '-1', '-1', '-1', '-1', '-1', '-1', '-1', '-1', '-1', '-1', '-1', '-1', '-1')"
"('It', 'is', 'the', 'type', 'of', 'place', 'to', 'run', 'into', 'old', 'friends', 'and', 'have', 'a', 'late', ',', 'raucus', 'dinner', '.')","('0', '0', '0', '0', '0', '0', '0', '0', '0', '0', '0', '0', '0', '0', '0', '0', '0', '1', '0')","('-1', '-1', '-1', '-1', '-1', '-1', '-1', '-1', '-1', '-1', '-1', '-1', '-1', '-1', '-1', '-1', '-1', '2', '-1')"
"('While', 'the', 'food', 'was', 'good', '-LRB-', 'certainly', 'no', 'Il', 'Mulino', '-RRB-', 'the', 'service', 'was', 'horrendous', '.')","('0', '0', '1', '0', '0', '0', '0', '0', '0', '0', '0', '0', '1', '0', '0', '0')","('-1', '-1', '2', '-1', '-1', '-1', '-1', '-1', '-1', '-1', '-1', '-1', '-1', '-1', '-1', '-1')"
"('Have', 'the', 'iced', 'tea', '.')","('0', '0', '1', '2', '0')","('-1', '-1', '2', '2', '-1')"
"('In', 'an', 'area', 'sadly', 'lacking', 'in', 'decent', 'Thai', 'food', ',', 'this', 'is', 'one', 'of', 'the', 'best', 'spots', '.')","('0', '0', '0', '0', '0', '0', '0', '1', '2', '0', '0', '0', '0', '0', '0', '0', '0', '0')","('-1', '-1', '-1', '-1', '-1', '-1', '-1', '2', '2', '-1', '-1', '-1', '-1', '-1', '-1', '-1', '-1', '-1')"
"('The', 'ambiance', 'is', 'minimal', 'the', 'food', 'is', 'not', 'phenomenal', ',', 'but', 'some', 'dishes', 'are', 'quite', 'good', ',', 'such', 'as', 'the', 'eggplant', 'parmesan', ',', 'veal', 'in', 'carozza', 'chicken', 'saltimbocca', '.')","('0', '1', '0', '0', '0', '1', '0', '0', '0', '0', '0', '0', '1', '0', '0', '0', '0', '0', '0', '0', '1', '2', '0', '1', '2', '2', '2', '2', '0')","('-1', '-1', '-1', '-1', '-1', '-1', '-1', '-1', '-1', '-1', '-1', '-1', '2', '-1', '-1', '-1', '-1', '-1', '-1', '-1', '-1', '-1', '-1', '-1', '-1', '-1', '-1', '-1', '-1')"
"('The', 'banana', 'tower', 'is', 'an', 'amazing', 'dessert', 'as', 'well', '.')","('0', '1', '2', '0', '0', '0', '1', '0', '0', '0')","('-1', '-1', '-1', '-1', '-1', '-1', '2', '-1', '-1', '-1')"
"('The', 'miso', 'soup', 'lacked', 'flavor', 'and', 'the', 'fish', 'was', 'unfortunately', 'not', 'as', 'well', 'prepared', 'as', 'in', 'the', 'past', '.')","('0', '1', '2', '0', '1', '0', '0', '1', '0', '0', '0', '0', '0', '0', '0', '0', '0', '0', '0')","('-1', '-1', '-1', '-1', '-1', '-1', '-1', '0', '-1', '-1', '-1', '-1', '-1', '-1', '-1', '-1', '-1', '-1', '-1')"
"('both', 'are', 'very', 'reasonably', 'priced', '-LRB-', 'around', '$', '8', 'for', 'dinner', 'and', '$', '5', 'for', 'lunch', '-RRB-', ',', 'and', 'are', 'delicious', 'and', 'filling', '.')","('0', '0', '0', '0', '1', '0', '0', '0', '0', '0', '1', '0', '0', '0', '0', '1', '0', '0', '0', '0', '0', '0', '0', '0')","('-1', '-1', '-1', '-1', '2', '-1', '-1', '-1', '-1', '-1', '-1', '-1', '-1', '-1', '-1', '-1', '-1', '-1', '-1', '-1', '-1', '-1', '-1', '-1')"
"('I', 'was', 'with', 'a', 'party', 'of', '7', '-LRB-', 'close', 'but', 'not', 'next', 'the', 'the', 'front', 'doors', '-RRB-', 'and', 'we', 'were', 'eating', 'with', 'our', 'coats', 'on', '.')","('0', '0', '0', '0', '0', '0', '0', '0', '0', '0', '0', '0', '0', '0', '1', '2', '0', '0', '0', '0', '0', '0', '0', '0', '0', '0')","('-1', '-1', '-1', '-1', '-1', '-1', '-1', '-1', '-1', '-1', '-1', '-1', '-1', '-1', '1', '1', '-1', '-1', '-1', '-1', '-1', '-1', '-1', '-1', '-1', '-1')"
"('Yes', ',', 'they', 'use', 'fancy', 'ingredients', ',', 'but', 'even', 'fancy', 'ingredients', 'do', '""nt""', 'make', 'for', 'good', 'pizza', 'unless', 'someone', 'knows', 'how', 'to', 'get', 'the', 'crust', 'right', '.')","('0', '0', '0', '0', '0', '1', '0', '0', '0', '0', '1', '0', '0', '0', '0', '0', '1', '0', '0', '0', '0', '0', '0', '0', '1', '0', '0')","('-1', '-1', '-1', '-1', '-1', '-1', '-1', '-1', '-1', '-1', '2', '-1', '-1', '-1', '-1', '-1', '-1', '-1', '-1', '-1', '-1', '-1', '-1', '-1', '-1', '-1', '-1')"
"('The', 'place', 'is', 'a', 'BISTRO', 'which', 'means', ':', 'simple', 'dishes', 'and', 'wine', 'served', 'efficiently', 'in', 'a', 'bustling', 'atmosphere', '.')","('0', '1', '0', '0', '0', '0', '0', '0', '0', '1', '0', '1', '1', '0', '0', '0', '0', '1', '0')","('-1', '-1', '-1', '-1', '-1', '-1', '-1', '-1', '-1', '2', '-1', '-1', '-1', '-1', '-1', '-1', '-1', '-1', '-1')"
"('The', 'garlic', 'mashed', 'potatoes', 'are', 'hands', 'down', 'the', 'best', 'in', 'the', 'city', '!')","('0', '1', '2', '2', '0', '0', '0', '0', '0', '0', '0', '0', '0')","('-1', '2', '2', '2', '-1', '-1', '-1', '-1', '-1', '-1', '-1', '-1', '-1')"
"('I', 'had', 'a', 'terrific', 'meal', ',', 'and', 'our', 'server', 'guided', 'us', 'toward', 'a', 'very', 'nice', 'wine', 'in', 'our', 'price', 'range', ',', 'instead', 'of', 'allowing', 'us', 'to', 'purchase', 'a', 'similarly', 'priced', 'wine', 'that', 'was', '""nt""', 'as', 'good', '.')","('0', '0', '0', '0', '1', '0', '0', '0', '1', '0', '0', '0', '0', '0', '0', '1', '0', '0', '1', '2', '0', '0', '0', '0', '0', '0', '0', '0', '0', '1', '1', '0', '0', '0', '0', '0', '0')","('-1', '-1', '-1', '-1', '-1', '-1', '-1', '-1', '2', '-1', '-1', '-1', '-1', '-1', '-1', '-1', '-1', '-1', '-1', '-1', '-1', '-1', '-1', '-1', '-1', '-1', '-1', '-1', '-1', '-1', '-1', '-1', '-1', '-1', '-1', '-1', '-1')"
"('Great', 'friendly', 'service', ',', 'Fast', 'seating', ',', 'Fast', 'Delivery', ',', 'Excellent', 'sushi', '.')","('0', '0', '1', '0', '0', '1', '0', '0', '1', '0', '0', '1', '0')","('-1', '-1', '-1', '-1', '-1', '2', '-1', '-1', '-1', '-1', '-1', '-1', '-1')"
"('The', 'dish', 'had', 'like', '6', 'pieces', 'of', 'beef', 'in', 'it', '.')","('0', '1', '0', '0', '0', '0', '0', '1', '0', '0', '0')","('-1', '1', '-1', '-1', '-1', '-1', '-1', '-1', '-1', '-1', '-1')"
"('I', 'usually', 'go', 'there', 'later', 'at', 'night', 'when', 'I', 'get', 'off', 'work', 'so', 'I', 'do', '""nt""', 'have', 'to', 'deal', 'with', 'crowds', 'or', 'lines', '.')","('0', '0', '0', '0', '0', '0', '0', '0', '0', '0', '0', '0', '0', '0', '0', '0', '0', '0', '0', '0', '1', '0', '1', '0')","('-1', '-1', '-1', '-1', '-1', '-1', '-1', '-1', '-1', '-1', '-1', '-1', '-1', '-1', '-1', '-1', '-1', '-1', '-1', '-1', '-1', '-1', '0', '-1')"
"('During', 'our', 'meal', ',', 'the', 'management', 'came', 'over', 'and', 'checked', 'on', 'us', 'and', 'even', 'bought', 'us', 'a', 'round', 'of', 'drinks', '.')","('0', '0', '1', '0', '0', '1', '0', '0', '0', '0', '0', '0', '0', '0', '0', '0', '0', '1', '2', '2', '0')","('-1', '-1', '1', '-1', '-1', '-1', '-1', '-1', '-1', '-1', '-1', '-1', '-1', '-1', '-1', '-1', '-1', '-1', '-1', '-1', '-1')"
"('Every', 'course', 'was', 'better', 'than', 'the', 'next', '.')","('0', '1', '0', '0', '0', '0', '0', '0')","('-1', '2', '-1', '-1', '-1', '-1', '-1', '-1')"
"('The', 'bruscetta', 'is', 'a', 'bit', 'soggy', ',', 'but', 'the', 'salads', 'were', 'fresh', ',', 'included', 'a', 'nice', 'mix', 'of', 'greens', '-LRB-', 'not', 'iceberg', '-RRB-', 'all', 'dishes', 'are', 'served', 'piping', 'hot', 'from', 'the', 'kitchen', '.')","('0', '1', '0', '0', '0', '0', '0', '0', '0', '1', '0', '0', '0', '0', '0', '0', '1', '2', '2', '0', '0', '1', '0', '0', '1', '0', '1', '0', '0', '0', '0', '0', '0')","('-1', '-1', '-1', '-1', '-1', '-1', '-1', '-1', '-1', '-1', '-1', '-1', '-1', '-1', '-1', '-1', '-1', '-1', '-1', '-1', '-1', '-1', '-1', '-1', '-1', '-1', '2', '-1', '-1', '-1', '-1', '-1', '-1')"
"('the', 'food', 'was', 'undercooked-the', 'sauce', 'watery', ',', 'and', 'the', 'vegetables', 'raw', '.')","('0', '1', '0', '0', '1', '0', '0', '0', '0', '1', '0', '0')","('-1', '0', '-1', '-1', '-1', '-1', '-1', '-1', '-1', '-1', '-1', '-1')"
"('The', 'food', 'is', 'spectacular', ',', 'from', 'the', 'appitizers', 'to', 'the', 'main', 'course', ',', 'and', 'then', 'of', 'course', 'the', 'desserts', ',', '-LRB-', 'WOW', '-RRB-', 'you', '""ll""', 'need', 'no', 'more', '.')","('0', '1', '0', '0', '0', '0', '0', '1', '0', '0', '1', '2', '0', '0', '0', '0', '0', '0', '1', '0', '0', '0', '0', '0', '0', '0', '0', '0', '0')","('-1', '-1', '-1', '-1', '-1', '-1', '-1', '-1', '-1', '-1', '-1', '-1', '-1', '-1', '-1', '-1', '-1', '-1', '2', '-1', '-1', '-1', '-1', '-1', '-1', '-1', '-1', '-1', '-1')"
"('The', 'restaurant', 'is', 'rather', 'small', 'but', 'we', 'were', 'lucky', 'to', 'get', 'a', 'table', 'quickly', '.')","('0', '0', '0', '0', '0', '0', '0', '0', '0', '0', '0', '0', '1', '0', '0')","('-1', '-1', '-1', '-1', '-1', '-1', '-1', '-1', '-1', '-1', '-1', '-1', '2', '-1', '-1')"
"('They', 'did', 'not', 'have', 'mayonnaise', ',', 'forgot', 'our', 'toast', ',', 'left', 'out', 'ingredients', '-LRB-', 'ie', 'cheese', 'in', 'an', 'omelet', '-RRB-', ',', 'below', 'hot', 'temperatures', 'and', 'the', 'bacon', 'was', 'so', 'over', 'cooked', 'it', 'crumbled', 'on', 'the', 'plate', 'when', 'you', 'touched', 'it', '.')","('0', '0', '0', '0', '1', '0', '0', '0', '1', '0', '0', '0', '1', '0', '0', '1', '0', '0', '1', '0', '0', '0', '0', '0', '0', '0', '1', '0', '0', '0', '0', '0', '0', '0', '0', '1', '0', '0', '0', '0', '0')","('-1', '-1', '-1', '-1', '-1', '-1', '-1', '-1', '0', '-1', '-1', '-1', '-1', '-1', '-1', '-1', '-1', '-1', '-1', '-1', '-1', '-1', '-1', '-1', '-1', '-1', '-1', '-1', '-1', '-1', '-1', '-1', '-1', '-1', '-1', '-1', '-1', '-1', '-1', '-1', '-1')"
"('Meat', 'dishes', 'now', 'adorn', 'the', 'selections', ',', 'although', 'there', '""s""', 'still', 'a', 'large', 'number', 'of', 'vegetarian-friendly', 'choices', '.')","('1', '2', '0', '0', '0', '0', '0', '0', '0', '0', '0', '0', '0', '0', '0', '1', '2', '0')","('1', '1', '-1', '-1', '-1', '-1', '-1', '-1', '-1', '-1', '-1', '-1', '-1', '-1', '-1', '-1', '-1', '-1')"
"('Ambiance', '-', 'relaxed', 'and', 'stylish', '.')","('1', '0', '0', '0', '0', '0')","('2', '-1', '-1', '-1', '-1', '-1')"
"('Their', 'exotic', 'salad', 'is', 'basic', 'ly', 'a', 'delcious', 'little', 'green', 'salad', 'with', 'a', 'peanut', 'sauce', 'that', 'is', 'perfect', 'before', 'their', 'sweet', 'basil', 'fried', 'tofu', '.')","('0', '1', '2', '0', '0', '0', '0', '0', '0', '1', '2', '0', '0', '1', '2', '0', '0', '0', '0', '0', '1', '2', '2', '2', '0')","('-1', '2', '2', '-1', '-1', '-1', '-1', '-1', '-1', '-1', '-1', '-1', '-1', '-1', '-1', '-1', '-1', '-1', '-1', '-1', '-1', '-1', '-1', '-1', '-1')"
"('From', 'the', 'complimentary', 'chef', 'app', 'of', 'a', 'delicate', 'butternut', 'squash', 'ravioli', 'in', 'a', 'delicious', 'truffle', 'sauce', 'to', 'an', 'amazing', 'buttery', 'and', 'tender', 'langostine', 'entree', 'to', 'a', 'dessert', 'that', 'I', 'ca', '""nt""', 'remember', 'because', 'of', 'the', 'fabulous', 'Cakebread', 'Cabernet', 'we', 'were', 'drinking', '--', 'the', 'whole', 'evening', 'was', 'amazing', '.')","('0', '0', '0', '1', '2', '0', '0', '1', '2', '2', '2', '2', '2', '2', '2', '2', '0', '0', '0', '1', '2', '2', '2', '2', '0', '0', '1', '0', '0', '0', '0', '0', '0', '0', '0', '0', '1', '2', '0', '0', '0', '0', '0', '0', '0', '0', '0', '0')","('-1', '-1', '-1', '2', '2', '-1', '-1', '-1', '-1', '-1', '-1', '-1', '-1', '-1', '-1', '-1', '-1', '-1', '-1', '-1', '-1', '-1', '-1', '-1', '-1', '-1', '-1', '-1', '-1', '-1', '-1', '-1', '-1', '-1', '-1', '-1', '-1', '-1', '-1', '-1', '-1', '-1', '-1', '-1', '-1', '-1', '-1', '-1')"
"('The', 'service', 'was', 'impeccable', 'and', 'unobtrusive', '--', 'the', 'staff', 'knows', 'what', 'they', 'are', 'there', 'to', 'do', '--', 'to', 'know', 'their', 'menu', ',', 'present', 'your', 'meal', ',', 'and', 'attend', 'to', 'your', 'needs', '.')","('0', '1', '0', '0', '0', '0', '0', '0', '1', '0', '0', '0', '0', '0', '0', '0', '0', '0', '0', '0', '1', '0', '0', '0', '1', '0', '0', '0', '0', '0', '0', '0')","('-1', '2', '-1', '-1', '-1', '-1', '-1', '-1', '-1', '-1', '-1', '-1', '-1', '-1', '-1', '-1', '-1', '-1', '-1', '-1', '-1', '-1', '-1', '-1', '-1', '-1', '-1', '-1', '-1', '-1', '-1', '-1')"
"('The', 'food', 'was', 'lousy', '-', 'too', 'sweet', 'or', 'too', 'salty', 'and', 'the', 'portions', 'tiny', '.')","('0', '1', '0', '0', '0', '0', '0', '0', '0', '0', '0', '0', '1', '0', '0')","('-1', '-1', '-1', '-1', '-1', '-1', '-1', '-1', '-1', '-1', '-1', '-1', '0', '-1', '-1')"
"('head', 'and', 'shoulders', 'above', 'its', 'neighboors', 'on', 'east', '6', 'st', ',', 'taj', 'mahal', 'is', 'also', 'very', 'comparable', ',', 'in', 'food', 'quality', ',', 'to', 'the', 'much', 'overpraised', '-LRB-', 'and', 'underdeserving', '-RRB-', 'baluchi', '""s""', '.')","('0', '0', '0', '0', '0', '0', '0', '0', '0', '0', '0', '0', '0', '0', '0', '0', '0', '0', '0', '1', '2', '0', '0', '0', '0', '0', '0', '0', '0', '0', '0', '0', '0')","('-1', '-1', '-1', '-1', '-1', '-1', '-1', '-1', '-1', '-1', '-1', '-1', '-1', '-1', '-1', '-1', '-1', '-1', '-1', '2', '2', '-1', '-1', '-1', '-1', '-1', '-1', '-1', '-1', '-1', '-1', '-1', '-1')"
"('but', 'when', 'we', 'looked', 'at', 'the', 'menu', ',', 'there', 'were', '""nt""', 'a', 'lot', 'of', 'choices', ',', 'most', 'of', 'them', 'were', 'dumplings', 'in', 'the', 'appetizer', 'section', '.')","('0', '0', '0', '0', '0', '0', '1', '0', '0', '0', '0', '0', '0', '0', '0', '0', '0', '0', '0', '0', '1', '0', '0', '1', '0', '0')","('-1', '-1', '-1', '-1', '-1', '-1', '0', '-1', '-1', '-1', '-1', '-1', '-1', '-1', '-1', '-1', '-1', '-1', '-1', '-1', '-1', '-1', '-1', '-1', '-1', '-1')"
"('And', 'forget', 'what', 'you', 'read', 'under', 'me', ',', 'the', 'atmosphere', 'is', '""nt""', 'that', 'bad', 'either', '.')","('0', '0', '0', '0', '0', '0', '0', '0', '0', '1', '0', '0', '0', '0', '0', '0')","('-1', '-1', '-1', '-1', '-1', '-1', '-1', '-1', '-1', '1', '-1', '-1', '-1', '-1', '-1', '-1')"
"('I', 'really', 'like', 'both', 'the', 'scallops', 'and', 'the', 'mahi', 'mahi', '(on', 'saffron', 'risotto', '-', 'yum', '!', '-RRB-', '.')","('0', '0', '0', '0', '0', '0', '0', '0', '1', '2', '2', '2', '2', '0', '0', '0', '0', '0')","('-1', '-1', '-1', '-1', '-1', '-1', '-1', '-1', '2', '2', '2', '2', '2', '-1', '-1', '-1', '-1', '-1')"
"('All', 'I', 'can', 'say', 'is', '$', '2', 'pints', 'during', 'happy', 'hour', 'and', 'the', 'some', 'of', 'the', 'cheapest', 'oysters', 'you', '""ll""', 'find', 'in', 'the', 'city', ',', 'though', 'the', 'quality', 'is', 'some', 'of', 'the', 'best', '.')","('0', '0', '0', '0', '0', '0', '0', '0', '0', '0', '0', '0', '0', '0', '0', '0', '0', '1', '0', '0', '0', '0', '0', '0', '0', '0', '0', '1', '0', '0', '0', '0', '0', '0')","('-1', '-1', '-1', '-1', '-1', '-1', '-1', '-1', '-1', '-1', '-1', '-1', '-1', '-1', '-1', '-1', '-1', '2', '-1', '-1', '-1', '-1', '-1', '-1', '-1', '-1', '-1', '-1', '-1', '-1', '-1', '-1', '-1', '-1')"
"('I', 'ordered', 'tamarind', 'duck', 'and', 'my', 'wife', 'ordered', 'noodles', 'with', 'ground', 'beef', ',', 'and', 'we', 'were', 'both', 'delighted', 'by', 'the', 'way', 'the', 'dishes', 'evoked', 'Thai', 'flavors', 'in', 'unexpected', 'ways', '.')","('0', '0', '1', '2', '0', '0', '0', '0', '1', '2', '2', '2', '0', '0', '0', '0', '0', '0', '0', '0', '0', '0', '1', '0', '1', '2', '0', '0', '0', '0')","('-1', '-1', '-1', '-1', '-1', '-1', '-1', '-1', '-1', '-1', '-1', '-1', '-1', '-1', '-1', '-1', '-1', '-1', '-1', '-1', '-1', '-1', '-1', '-1', '2', '2', '-1', '-1', '-1', '-1')"
"('The', 'dinner', 'menu', 'is', 'diverse', 'and', 'top-notch', 'as', 'well', '.')","('0', '1', '2', '0', '0', '0', '0', '0', '0', '0')","('-1', '2', '2', '-1', '-1', '-1', '-1', '-1', '-1', '-1')"
"('this', 'is', 'the', 'best', 'secret', 'place', 'in', 'midtown', '""""', ',', 'I', 'heard', 'that', 'from', 'the', 'bartender', ',', 'after', 'having', 'brilliant', 'food', '-LRB-', 'try', 'steak', 'with', 'portobello', 'mushrooms', '-RRB-', 'and', 'drinks', 'on', 'the', 'bar', 'last', 'Tuesday', '.')","('0', '0', '0', '0', '0', '0', '0', '0', '0', '0', '0', '0', '0', '0', '0', '1', '0', '0', '0', '0', '1', '0', '0', '1', '2', '2', '2', '0', '0', '1', '0', '0', '1', '0', '0', '0')","('-1', '-1', '-1', '-1', '-1', '-1', '-1', '-1', '-1', '-1', '-1', '-1', '-1', '-1', '-1', '-1', '-1', '-1', '-1', '-1', '-1', '-1', '-1', '2', '2', '2', '2', '-1', '-1', '-1', '-1', '-1', '-1', '-1', '-1', '-1')"
"('It', '""s""', 'simply', 'the', 'best', 'meal', 'in', 'NYC', '.')","('0', '0', '0', '0', '0', '1', '0', '0', '0')","('-1', '-1', '-1', '-1', '-1', '2', '-1', '-1', '-1')"
"('While', 'they', 'keep', 'the', 'capex', 'to', 'a', 'minimum', ',', 'they', 'do', 'put', 'some', 'cash', 'into', 'the', 'bagels', ',', 'because', 'they', 'among', 'the', 'best', 'in', 'the', 'city', '.')","('0', '0', '0', '0', '1', '0', '0', '0', '0', '0', '0', '0', '0', '0', '0', '0', '1', '0', '0', '0', '0', '0', '0', '0', '0', '0', '0')","('-1', '-1', '-1', '-1', '-1', '-1', '-1', '-1', '-1', '-1', '-1', '-1', '-1', '-1', '-1', '-1', '1', '-1', '-1', '-1', '-1', '-1', '-1', '-1', '-1', '-1', '-1')"
"('Great', 'food', ',', 'great', 'decor', ',', 'great', 'service', '.')","('0', '1', '0', '0', '1', '0', '0', '1', '0')","('-1', '-1', '-1', '-1', '-1', '-1', '-1', '2', '-1')"
"('If', 'your', 'favorite', 'Chinese', 'food', 'is', 'General', 'Tao', 'chicken', ',', 'then', 'this', 'is', 'NOT', 'your', 'place', '.')","('0', '0', '0', '1', '2', '0', '1', '2', '2', '0', '0', '0', '0', '0', '0', '0', '0')","('-1', '-1', '-1', '1', '1', '-1', '-1', '-1', '-1', '-1', '-1', '-1', '-1', '-1', '-1', '-1', '-1')"
"('What', 'an', 'amazing', 'meal', 'and', 'experience', '!')","('0', '0', '0', '1', '0', '0', '0')","('-1', '-1', '-1', '2', '-1', '-1', '-1')"
"('We', 'ordered', 'a', 'tuna', 'melt', '-', 'it', 'came', 'with', 'out', 'cheese', 'which', 'just', 'made', 'it', 'a', 'tuna', 'sandwich', '.')","('0', '0', '0', '1', '2', '0', '0', '0', '0', '0', '1', '0', '0', '0', '0', '0', '1', '2', '0')","('-1', '-1', '-1', '-1', '-1', '-1', '-1', '-1', '-1', '-1', '-1', '-1', '-1', '-1', '-1', '-1', '0', '0', '-1')"
"('You', 'will', 'pay', 'a', 'lot', 'for', 'the', 'decore', ',', 'but', 'the', 'food', 'is', 'no', 'better', 'or', 'worse', 'than', 'a', 'lot', 'of', 'other', 'Chinese', 'and', 'Asian', 'fusion', 'places', 'in', 'NY', '.')","('0', '0', '0', '0', '0', '0', '0', '1', '0', '0', '0', '1', '0', '0', '0', '0', '0', '0', '0', '0', '0', '0', '0', '0', '0', '0', '0', '0', '0', '0')","('-1', '-1', '-1', '-1', '-1', '-1', '-1', '-1', '-1', '-1', '-1', '1', '-1', '-1', '-1', '-1', '-1', '-1', '-1', '-1', '-1', '-1', '-1', '-1', '-1', '-1', '-1', '-1', '-1', '-1')"
"('The', 'food', 'is', 'definitely', 'good', ',', 'but', 'I', 'left', 'a', 'bit', 'disappointed', '.')","('0', '1', '0', '0', '0', '0', '0', '0', '0', '0', '0', '0', '0')","('-1', '2', '-1', '-1', '-1', '-1', '-1', '-1', '-1', '-1', '-1', '-1', '-1')"
"('We', 'were', 'seated', 'outside', 'and', 'the', 'waiter', 'spilled', 'red', 'wine', 'and', 'hot', 'tea', 'on', 'myself', 'and', 'my', 'date', '.')","('0', '0', '0', '1', '0', '0', '1', '0', '1', '2', '0', '1', '2', '0', '0', '0', '0', '0', '0')","('-1', '-1', '-1', '1', '-1', '-1', '-1', '-1', '-1', '-1', '-1', '-1', '-1', '-1', '-1', '-1', '-1', '-1', '-1')"
"('You', 'must', 'have', 'the', 'crabmeat', 'lasagna', 'which', 'is', 'out', 'of', 'this', 'world', 'and', 'the', 'chocolate', 'bread', 'pudding', 'for', 'dessert', '.')","('0', '0', '0', '0', '1', '2', '0', '0', '0', '0', '0', '0', '0', '0', '1', '2', '2', '0', '1', '0')","('-1', '-1', '-1', '-1', '-1', '-1', '-1', '-1', '-1', '-1', '-1', '-1', '-1', '-1', '2', '2', '2', '-1', '-1', '-1')"
"('Has', 'the', 'chef', 'and', 'owner', 'changed', '???')","('0', '0', '1', '0', '1', '0', '0')","('-1', '-1', '1', '-1', '-1', '-1', '-1')"
"('Went', 'there', 'and', 'had', 'a', 'combination', 'of', 'different', 'seafood', 'dishes', 'and', 'appetizers', '.')","('0', '0', '0', '0', '0', '0', '0', '0', '1', '2', '0', '1', '0')","('-1', '-1', '-1', '-1', '-1', '-1', '-1', '-1', '1', '1', '-1', '-1', '-1')"
"('If', 'it', '""s""', 'just', 'a', 'quick', 'martini', 'at', 'the', 'bar', '-LRB-', 'which', 'I', 'recommend', 'Jeffery', '""s""', '-RRB-', 'or', 'a', 'mind', 'blowing', 'Roast', 'Chicken', ',', 'go', 'to', 'Village', '!')","('0', '0', '0', '0', '0', '0', '1', '0', '0', '1', '0', '0', '0', '0', '0', '0', '0', '0', '0', '0', '0', '1', '2', '0', '0', '0', '0', '0')","('-1', '-1', '-1', '-1', '-1', '-1', '-1', '-1', '-1', '-1', '-1', '-1', '-1', '-1', '-1', '-1', '-1', '-1', '-1', '-1', '-1', '2', '2', '-1', '-1', '-1', '-1', '-1')"
"('The', 'owner', 'truly', 'caters', 'to', 'all', 'your', 'needs', '.')","('0', '1', '0', '0', '0', '0', '0', '0', '0')","('-1', '2', '-1', '-1', '-1', '-1', '-1', '-1', '-1')"
"('I', 'just', 'wonder', 'how', 'you', 'can', 'have', 'such', 'a', 'delicious', 'meal', 'for', 'such', 'little', 'money', '.')","('0', '0', '0', '0', '0', '0', '0', '0', '0', '0', '1', '0', '0', '0', '1', '0')","('-1', '-1', '-1', '-1', '-1', '-1', '-1', '-1', '-1', '-1', '2', '-1', '-1', '-1', '-1', '-1')"
"('A', 'narrow', 'corridor', 'leads', 'to', 'a', 'tiny', 'space', 'where', 'there', 'are', 'three', 'tiny', 'white', 'tiled', 'counters', ',', 'a', 'great', 'deal', 'of', 'mess', '-LRB-', 'stacks', 'of', 'bottles', ',', 'cans', '-RRB-', 'and', 'a', 'small', 'counter', 'holding', '12-14', 'entrees', '.')","('0', '0', '1', '0', '0', '0', '0', '1', '0', '0', '0', '0', '0', '0', '0', '1', '0', '0', '0', '0', '0', '0', '0', '0', '0', '0', '0', '0', '0', '0', '0', '0', '1', '0', '0', '1', '0')","('-1', '-1', '-1', '-1', '-1', '-1', '-1', '-1', '-1', '-1', '-1', '-1', '-1', '-1', '-1', '0', '-1', '-1', '-1', '-1', '-1', '-1', '-1', '-1', '-1', '-1', '-1', '-1', '-1', '-1', '-1', '-1', '-1', '-1', '-1', '-1', '-1')"
"('If', 'presentation', 'and', 'service', 'is', 'your', 'thing', ',', 'then', 'this', 'magic', 'show', 'works', '.')","('0', '0', '0', '1', '0', '0', '0', '0', '0', '0', '0', '0', '0', '0')","('-1', '-1', '-1', '2', '-1', '-1', '-1', '-1', '-1', '-1', '-1', '-1', '-1', '-1')"
"('Our', 'waitress', 'was', 'sweet', 'and', 'accomodating', ',', 'not', 'overbearing', '.')","('0', '1', '0', '0', '0', '0', '0', '0', '0', '0')","('-1', '2', '-1', '-1', '-1', '-1', '-1', '-1', '-1', '-1')"
"('Lahore', 'is', 'a', 'great', 'place', 'to', 'duck', 'into', 'late-night', 'when', 'you', 'need', 'some', 'really', 'tasty', 'food', 'on', 'the', 'cheap', '--', 'you', '""ll""', 'likely', 'have', 'trouble', 'finishing', 'the', 'amount', 'of', 'food', 'you', 'get', 'for', 'FOUR', 'DOLLARS', '.')","('0', '0', '0', '0', '0', '0', '0', '0', '0', '0', '0', '0', '0', '0', '0', '1', '0', '0', '0', '0', '0', '0', '0', '0', '0', '0', '0', '0', '0', '1', '0', '0', '0', '0', '0', '0')","('-1', '-1', '-1', '-1', '-1', '-1', '-1', '-1', '-1', '-1', '-1', '-1', '-1', '-1', '-1', '-1', '-1', '-1', '-1', '-1', '-1', '-1', '-1', '-1', '-1', '-1', '-1', '-1', '-1', '2', '-1', '-1', '-1', '-1', '-1', '-1')"
"('The', 'dishes', 'offered', 'were', 'unique', ',', 'very', 'tasty', 'and', 'fresh', 'from', 'the', 'lamb', 'sausages', ',', 'sardines', 'with', 'biscuits', ',', 'large', 'whole', 'shrimp', 'to', 'the', 'amazing', 'pistachio', 'ice', 'cream', '-LRB-', 'the', 'best', 'and', 'freshest', 'I', '""ve""', 'ever', 'had', '-RRB-', '.')","('0', '1', '0', '0', '0', '0', '0', '0', '0', '0', '0', '0', '1', '2', '0', '1', '2', '2', '0', '1', '2', '2', '0', '0', '0', '1', '2', '2', '0', '0', '0', '0', '0', '0', '0', '0', '0', '0', '0')","('-1', '-1', '-1', '-1', '-1', '-1', '-1', '-1', '-1', '-1', '-1', '-1', '-1', '-1', '-1', '-1', '-1', '-1', '-1', '-1', '-1', '-1', '-1', '-1', '-1', '2', '2', '2', '-1', '-1', '-1', '-1', '-1', '-1', '-1', '-1', '-1', '-1', '-1')"
"('Joya', 'used', 'to', 'be', 'a', 'cool', 'spot', 'with', 'decent', 'food', 'and', 'a', 'colorful', '-', 'if', 'not', 'relaxed', '-', 'atmosphere', '.')","('0', '0', '0', '0', '0', '0', '0', '0', '0', '1', '0', '0', '0', '0', '0', '0', '0', '0', '1', '0')","('-1', '-1', '-1', '-1', '-1', '-1', '-1', '-1', '-1', '-1', '-1', '-1', '-1', '-1', '-1', '-1', '-1', '-1', '2', '-1')"
"('The', 'place', 'is', 'so', 'cool', 'and', 'the', 'service', 'is', 'prompt', 'and', 'curtious', '.')","('0', '1', '0', '0', '0', '0', '0', '1', '0', '0', '0', '0', '0')","('-1', '2', '-1', '-1', '-1', '-1', '-1', '-1', '-1', '-1', '-1', '-1', '-1')"
"('Unless', 'you', 'are', 'eating', 'in', 'the', 'Pizzeria', 'side', 'of', 'this', 'place', ',', 'and', 'are', 'not', 'in', 'a', 'rush', ',', 'this', 'place', 'is', 'a', 'bad', 'idea', '.')","('0', '0', '0', '0', '0', '0', '0', '0', '0', '0', '1', '0', '0', '0', '0', '0', '0', '0', '0', '0', '1', '0', '0', '0', '0', '0')","('-1', '-1', '-1', '-1', '-1', '-1', '-1', '-1', '-1', '-1', '-1', '-1', '-1', '-1', '-1', '-1', '-1', '-1', '-1', '-1', '0', '-1', '-1', '-1', '-1', '-1')"
"('the', 'real', 'kicker', 'of', 'the', 'menu', ',', 'however', ',', 'is', 'the', 'beef', 'cubes', 'or', 'the', 'chicken', 'with', 'chili', 'and', 'lemon', 'grass', '.')","('0', '0', '0', '0', '0', '1', '0', '0', '0', '0', '0', '1', '2', '0', '0', '1', '2', '2', '2', '2', '2', '0')","('-1', '-1', '-1', '-1', '-1', '-1', '-1', '-1', '-1', '-1', '-1', '2', '2', '-1', '-1', '-1', '-1', '-1', '-1', '-1', '-1', '-1')"
"('Warm', ',', 'comfortable', 'surroundings', ',', 'nice', 'appointments', '-LRB-', 'witness', 'the', 'etched', 'glass', 'and', 'brickwork', 'separating', 'the', 'dining', 'rooms', '-RRB-', '.')","('0', '0', '0', '1', '0', '0', '0', '0', '0', '0', '0', '0', '0', '0', '0', '0', '1', '2', '0', '0')","('-1', '-1', '-1', '-1', '-1', '-1', '-1', '-1', '-1', '-1', '-1', '-1', '-1', '-1', '-1', '-1', '1', '1', '-1', '-1')"
"('I', 'had', 'very', 'high', 'expectations', 'for', 'this', 'place', 'and', 'made', 'a', 'reservation', 'a', 'couple', 'of', 'months', 'in', 'advance', 'for', 'a', 'special', 'occasion', '.')","('0', '0', '0', '0', '0', '0', '0', '0', '0', '0', '0', '1', '0', '0', '0', '0', '0', '0', '0', '0', '0', '0', '0')","('-1', '-1', '-1', '-1', '-1', '-1', '-1', '-1', '-1', '-1', '-1', '1', '-1', '-1', '-1', '-1', '-1', '-1', '-1', '-1', '-1', '-1', '-1')"
"('The', 'eggplant', 'parmesan', 'is', 'also', 'great', ',', 'and', 'my', 'friend', 'who', 'grew', 'up', 'in', 'Manhattan', 'claims', 'that', 'no', 'one', 'serves', 'a', 'better', 'baked', 'ziti', 'with', 'meatsauce', '.')","('0', '1', '2', '0', '0', '0', '0', '0', '0', '0', '0', '0', '0', '0', '0', '0', '0', '0', '0', '1', '0', '0', '1', '2', '2', '2', '0')","('-1', '2', '2', '-1', '-1', '-1', '-1', '-1', '-1', '-1', '-1', '-1', '-1', '-1', '-1', '-1', '-1', '-1', '-1', '-1', '-1', '-1', '-1', '-1', '-1', '-1', '-1')"
"('They', 'treated', 'us', 'well', 'and', 'the', 'food', 'was', 'extremely', 'fresh', 'and', 'well-prepared', '.')","('0', '0', '0', '0', '0', '0', '1', '0', '0', '0', '0', '0', '0')","('-1', '-1', '-1', '-1', '-1', '-1', '2', '-1', '-1', '-1', '-1', '-1', '-1')"
"('The', 'prices', 'were', 'CHEAP', 'compared', 'to', 'the', 'quality', 'of', 'service', 'and', 'food', '.')","('0', '1', '0', '0', '0', '0', '0', '0', '0', '1', '0', '1', '0')","('-1', '2', '-1', '-1', '-1', '-1', '-1', '-1', '-1', '-1', '-1', '-1', '-1')"
"('Some', 'servers', 'make', 'you', 'feel', 'like', 'they', 'are', 'doing', 'you', 'a', 'favor', 'to', 'bring', 'you', 'the', 'food', '.')","('0', '1', '0', '0', '0', '0', '0', '0', '0', '0', '0', '0', '0', '0', '0', '0', '1', '0')","('-1', '-1', '-1', '-1', '-1', '-1', '-1', '-1', '-1', '-1', '-1', '-1', '-1', '-1', '-1', '-1', '1', '-1')"
"('I', 'almost', 'hesititate', 'to', 'write', 'a', 'review', 'because', 'the', 'atmosphere', 'was', 'so', 'great', 'and', 'I', 'would', 'hate', 'for', 'it', 'too', 'become', 'to', 'crowded', '.')","('0', '0', '0', '0', '0', '0', '0', '0', '0', '1', '0', '0', '0', '0', '0', '0', '0', '0', '0', '0', '0', '0', '0', '0')","('-1', '-1', '-1', '-1', '-1', '-1', '-1', '-1', '-1', '2', '-1', '-1', '-1', '-1', '-1', '-1', '-1', '-1', '-1', '-1', '-1', '-1', '-1', '-1')"
"('Le', 'Pere', 'Pinard', 'has', 'a', '$', '15', 'pre-theater', 'menu', 'that', 'is', 'outstanding', '.')","('0', '0', '0', '0', '0', '0', '0', '1', '2', '0', '0', '0', '0')","('-1', '-1', '-1', '-1', '-1', '-1', '-1', '2', '2', '-1', '-1', '-1', '-1')"
"('The', 'food', 'is', 'so', 'cheap', 'and', 'the', 'waiters', 'are', 'nice', '.')","('0', '1', '0', '0', '0', '0', '0', '1', '0', '0', '0')","('-1', '-1', '-1', '-1', '-1', '-1', '-1', '2', '-1', '-1', '-1')"
"('The', 'ceiling', 'is', 'amazing', '!')","('0', '1', '0', '0', '0')","('-1', '2', '-1', '-1', '-1')"
"('If', 'you', '""re""', 'craving', 'for', 'Haru', '""s""', 'great', 'food', ',', 'especially', 'the', 'House', 'Roll', ',', 'but', 'ca', '""nt""', 'stand', 'the', 'wait', 'building', 'outisde', ',', 'head', 'across', 'the', 'street', 'to', 'their', 'Sake', 'Bar', '!')","('0', '0', '0', '0', '0', '0', '0', '0', '1', '0', '0', '0', '0', '0', '0', '0', '0', '0', '0', '0', '1', '2', '0', '0', '0', '0', '0', '0', '0', '0', '0', '0', '0')","('-1', '-1', '-1', '-1', '-1', '-1', '-1', '-1', '-1', '-1', '-1', '-1', '-1', '-1', '-1', '-1', '-1', '-1', '-1', '-1', '0', '0', '-1', '-1', '-1', '-1', '-1', '-1', '-1', '-1', '-1', '-1', '-1')"
"('They', 'sell', 'special', 'sushi', ',', 'everything', 'have', 'a', 'topping', ',', 'sauce', 'and', 'etc.', '.')","('0', '0', '0', '1', '0', '0', '0', '0', '1', '0', '1', '0', '0', '0')","('-1', '-1', '-1', '2', '-1', '-1', '-1', '-1', '-1', '-1', '-1', '-1', '-1', '-1')"
"('The', 'food', 'is', 'amazing', ',', 'rich', 'pastas', 'and', 'fresh', 'doughy', 'pizza', '.')","('0', '1', '0', '0', '0', '0', '1', '0', '0', '0', '1', '0')","('-1', '-1', '-1', '-1', '-1', '-1', '-1', '-1', '-1', '-1', '2', '-1')"
"('Pastrami', 'or', 'corned', 'beef', 'are', 'juicy', 'and', 'piled', 'high', '-LRB-', 'ask', 'for', 'extra', 'rye', 'bread', '-RRB-', '.')","('1', '2', '2', '2', '0', '0', '0', '0', '0', '0', '0', '0', '0', '1', '2', '0', '0')","('2', '2', '2', '2', '-1', '-1', '-1', '-1', '-1', '-1', '-1', '-1', '-1', '-1', '-1', '-1', '-1')"
"('Admittedly', ',', 'this', 'is', 'not', 'the', 'place', 'for', 'gigantic', 'pieces', 'of', 'fish', 'overflowing', 'the', 'plate', '-LRB-', 'and', 'thank', 'goodness', ',', 'in', 'my', 'opinion', '-RRB-', 'but', 'for', 'simple', ',', 'elegant', 'sushi', 'there', 'is', 'no', 'better', 'place', 'in', 'New', 'York', 'or', 'anywhere', 'in', 'the', 'US', '.')","('0', '0', '0', '0', '0', '0', '0', '0', '0', '0', '0', '1', '0', '0', '0', '0', '0', '0', '0', '0', '0', '0', '0', '0', '0', '0', '0', '0', '0', '1', '0', '0', '0', '0', '0', '0', '0', '0', '0', '0', '0', '0', '0', '0')","('-1', '-1', '-1', '-1', '-1', '-1', '-1', '-1', '-1', '-1', '-1', '1', '-1', '-1', '-1', '-1', '-1', '-1', '-1', '-1', '-1', '-1', '-1', '-1', '-1', '-1', '-1', '-1', '-1', '-1', '-1', '-1', '-1', '-1', '-1', '-1', '-1', '-1', '-1', '-1', '-1', '-1', '-1', '-1')"
